,ID,ROA,ROE,Operating gross profit margin,cash flow,Debt ratio,Total asset turnover,After-tax net profit growth rate,Growth_CLass
0,1101,6.74,11.93,32.87,"25,091,819",43.82,0.3,9.96,1
1,1102,5.92,10.36,29.18,"9,337,891",42.82,0.27,-15.6,1
2,1103,5.39,8.78,-6.98,"-67,742",38.45,0.05,30.48,2
3,1104,5.64,7.26,16.72,"1,067,217",22.06,0.23,10.35,1
4,1108,5.17,8.84,15.82,"306,777",41.99,0.59,754.54,3
5,1109,13.3,16.83,34.37,"638,251",19.22,0.66,-0.67,1
6,1110,0.18,0.21,4.23,"186,972",13.35,0.16,-49.01,0
7,1201,3.17,8.52,29.19,"506,791",61.98,1.0,-60.31,0
8,1203,5.2,7.78,33.82,"683,360",32.35,0.64,-3.28,1
9,1210,9.5,18.01,15.02,"1,288,265",46.05,1.65,36.93,2
10,1213,-2.16,-4.96,1.35,"342,144",57.29,0.32,36.76,2
11,1215,7.52,16.54,15.88,"105,585",55.32,1.16,-10.06,1
12,1216,6.24,17.12,34.43,"51,933,338",63.54,0.92,8.13,1
13,1217,3.28,6.48,32.92,"431,562",48.59,0.35,281.73,3
14,1218,9.36,12.68,19.63,"788,042",23.9,0.9,46.26,2
15,1219,6.49,13.51,11.02,"237,219",48.03,1.41,299.8,3
16,1220,5.9,7.34,16.11,"119,458",17.82,0.89,35.45,2
17,1225,5.4,11.3,10.9,"863,237",51.48,1.32,5.64,1
18,1227,13.12,20.0,27.88,"2,297,619",35.25,1.29,-5.76,1
19,1229,17.14,21.41,21.34,"4,960,460",20.61,0.19,11.23,1
20,1231,8.48,17.9,21.4,"-992,954",53.92,1.08,30.69,2
21,1232,21.79,30.19,14.04,"868,750",26.9,2.87,32.38,2
22,1233,1.31,2.06,57.46,"250,229",38.19,0.77,-63.43,0
23,1234,3.88,4.84,28.63,"603,445",18.65,0.41,5.16,1
24,1235,11.15,16.73,46.45,"-340,807",28.08,0.02,39.98,2
25,1236,-1.6,-2.68,28.61,"180,090",41.84,0.6,-98.86,0
26,1256,24.53,34.77,45.95,"301,527",24.93,1.04,41.83,2
27,1301,2.34,3.35,15.64,"8,107,461",30.62,0.38,-46.32,0
28,1303,3.3,5.27,14.49,"28,540,395",39.02,0.48,15.85,2
29,1304,8.34,14.11,20.88,"5,255,153",36.99,0.67,123.25,3
30,1305,14.29,19.71,24.46,"880,927",25.84,1.05,156.7,3
31,1307,-0.49,-0.92,22.08,"-231,027",48.68,0.55,-49.35,0
32,1308,13.04,19.73,19.8,"2,118,933",28.28,0.34,34.42,2
33,1309,25.0,40.47,20.15,"739,494",31.26,1.8,382.39,3
34,1310,8.48,10.57,3.76,"394,783",17.18,0.89,-67.14,0
35,1312,11.58,13.46,18.74,"4,211,248",14.32,0.49,98.54,3
36,1313,11.35,22.27,8.94,"388,861",43.54,1.16,1620.43,3
37,1314,0.87,1.27,0.22,"-5,291,667",32.45,0.17,-61.08,0
38,1315,48.82,54.49,17.11,"1,846,778",6.6,0.19,677.81,3
39,1316,1.14,3.15,20.94,"241,911",63.22,0.17,186.93,3
40,1319,1.9,3.07,19.87,"1,080,042",37.11,0.48,-59.98,0
41,1321,10.75,21.4,12.05,"594,968",45.76,0.42,510.79,3
42,1323,7.42,15.88,25.27,"-6,179",52.84,0.64,-0.05,1
43,1324,1.73,2.2,17.36,"23,713",21.75,0.86,412.34,3
44,1325,64.27,74.79,66.7,"61,552",17.37,1.25,5707.2,3
45,1326,2.11,2.83,11.66,"19,544,674",25.64,0.47,-37.43,0
46,1337,-17.22,-19.0,-47.43,"-883,280",11.29,0.14,-104.48,0
47,1338,1.97,3.04,22.61,"793,033",36.59,0.6,-26.67,1
48,1339,2.56,3.79,30.06,"181,926",32.33,0.4,-67.92,0
49,1340,-7.44,-7.71,-39.56,"52,393",2.58,0.11,11.08,1
50,1341,11.26,19.68,23.57,"391,957",42.64,1.25,10.57,1
51,1342,11.23,16.38,25.5,"-385,786",26.14,0.88,8.7,1
52,1402,2.22,4.9,19.54,"19,854,888",56.33,0.35,-21.02,1
53,1409,1.84,7.59,20.68,"-4,963,056",75.76,0.19,61.67,2
54,1410,4.66,5.64,36.43,"114,472",17.94,0.3,-5.63,1
55,1413,-5.8,-14.22,-4.67,"-68,536",61.99,0.57,-336.34,0
56,1414,1.46,2.12,8.95,"48,962",29.36,0.16,60.93,2
57,1416,-3.93,-7.5,-528.08,"-2,444,576",49.83,0.0,-157.04,0
58,1417,-12.79,-16.92,21.58,"283,585",18.7,0.28,-211.25,0
59,1418,-9.72,-43.71,-185.29,"-136,488",81.76,0.04,-6.61,1
60,1419,5.2,7.74,28.99,"462,633",33.08,0.16,-3.78,1
61,1423,22.41,24.72,-72.64,"564,269",9.97,0.07,1078.42,3
62,1432,0.19,1.03,86.49,"356,768",83.43,0.22,102.45,3
63,1434,1.83,2.34,10.47,"3,577,869",22.63,0.36,-64.06,0
64,1435,-7.08,-8.49,93.25,"-2,255",17.63,0.01,-203.69,0
65,1436,1.71,6.71,30.28,"397,272",76.81,0.15,-23.44,1
66,1437,1.24,2.13,74.16,"650,379",43.07,0.05,-60.25,0
67,1438,3.75,8.55,64.51,"1,976",69.98,0.08,536.53,3
68,1439,-4.69,-4.87,-1.56,"986,141",7.28,0.04,-125.31,0
69,1440,1.96,3.59,9.43,"587,690",46.07,0.39,731.28,3
70,1441,-12.44,-29.67,-4.97,"-34,626",59.61,0.57,12.03,2
71,1442,0.64,1.51,14.97,"229,598",57.32,0.18,-23.53,1
72,1443,-0.34,-2.31,27.29,"-821,841",86.14,0.1,-2158.78,0
73,1444,-0.37,-0.58,4.52,"580,665",34.04,0.47,-569.89,0
74,1445,-2.07,-2.53,-0.55,"71,060",19.18,0.46,-43.77,0
75,1446,0.27,0.73,31.79,"-1,501,090",62.34,0.12,-2664.83,0
76,1447,2.33,4.08,1.73,"-115,201",41.56,0.76,-69.77,0
77,1449,-1.45,-10.31,4.71,"-2,625,052",82.96,0.3,-15.14,1
78,1451,0.75,0.95,2.92,"-315,597",19.63,0.76,-506.22,0
79,1452,6.55,7.13,11.63,"136,866",8.58,0.47,-44.62,0
80,1453,1.15,1.19,20.38,"19,811",4.61,0.16,133.69,3
81,1454,3.44,4.55,2.64,"-12,825",23.35,0.6,-209.73,0
82,1455,-0.3,-0.41,1.1,"696,708",26.89,0.83,86.74,3
83,1456,1.16,5.49,17.66,"-85,740",80.81,0.12,165.22,3
84,1457,3.73,8.84,7.58,"344,399",56.34,0.15,-2.45,1
85,1459,-2.27,-4.58,-4.82,"80,832",51.09,0.3,-117.5,0
86,1460,-7.63,-23.91,7.79,"-479,125",71.94,0.54,-244.54,0
87,1463,1.63,1.86,19.19,"137,900",14.67,0.17,-49.64,0
88,1464,-1.23,-3.83,14.47,"695,705",69.44,0.47,-133.63,0
89,1465,-2.09,-2.43,9.08,"1,088,827",10.77,0.2,-102.68,0
90,1466,0.93,2.04,10.69,"57,779",53.82,0.77,140.88,3
91,1467,9.81,25.1,25.78,"28,941",58.93,1.14,195.55,3
92,1468,2.8,6.26,12.26,"-80,369",56.13,0.35,-13.1,1
93,1470,4.04,4.86,18.02,"76,495",17.66,0.54,-53.32,0
94,1471,27.59,46.64,9.99,"-200,405",34.59,0.76,211.09,3
95,1472,-26.62,-119.46,4.03,"18,871",85.48,0.2,-866.58,0
96,1473,-8.41,-12.89,11.24,"-336,289",34.91,1.1,-539.67,0
97,1474,2.51,4.83,14.07,"-19,164",48.33,0.76,158.16,3
98,1475,3.93,5.28,18.75,"-326,038",19.6,0.68,-75.44,0
99,1476,16.33,21.79,28.67,"2,194,929",27.52,1.13,-1.04,1
100,1477,11.47,19.79,22.35,"1,154,221",45.46,1.49,7.77,1
101,1503,4.61,7.58,18.45,"1,176,761",38.89,0.62,-8.17,1
102,1504,7.43,11.76,23.48,"2,628,612",36.01,0.45,8.32,1
103,1506,-15.22,-42.79,2.17,"-553,700",60.57,0.34,-0.88,1
104,1507,6.64,12.9,25.02,"1,166,714",49.65,0.67,37.36,2
105,1512,-5.05,-54.58,6.3,"-91,598",91.67,0.5,72.78,2
106,1513,8.12,21.6,21.35,"-2,021,320",63.09,0.62,142.85,3
107,1514,6.2,11.5,17.68,"28,170",45.63,0.86,7.64,1
108,1515,10.39,23.68,17.33,"170,166",60.58,1.38,-35.38,0
109,1516,6.12,7.27,4.84,"2,610",13.96,1.75,115.32,3
110,1517,5.1,7.13,15.39,"164,752",30.18,0.73,1167.18,3
111,1519,4.97,12.39,15.98,"155,257",59.19,0.98,10.2,1
112,1521,4.48,8.93,14.0,"330,310",52.03,1.31,-55.68,0
113,1522,0.99,3.39,19.78,"289,846",70.52,0.62,-59.73,0
114,1524,1.47,3.29,15.27,"-46,934",56.21,0.38,-75.85,0
115,1525,7.01,8.59,8.76,"144,997",18.18,0.2,11.76,2
116,1526,10.32,16.77,22.56,"218,232",38.69,0.72,122.57,3
117,1527,8.29,10.05,25.32,"158,846",19.1,0.74,-29.05,0
118,1528,-2.3,-5.08,26.61,"43,447",56.41,0.64,56.78,2
119,1529,3.54,5.82,17.86,"101,925",34.01,0.35,47.88,2
120,1530,9.79,19.95,15.54,"117,584",46.02,0.48,451.68,3
121,1531,-1.1,-1.34,12.48,"153,197",19.99,0.37,-285.37,0
122,1532,2.28,6.31,25.13,"-1,966,302",64.27,0.3,19.61,2
123,1533,-0.45,-1.03,28.05,"-942,813",57.64,0.46,-104.12,0
124,1535,2.23,4.85,5.87,"282,205",55.98,1.37,55.63,2
125,1536,1.73,4.73,22.51,"545,484",65.09,0.29,-56.27,0
126,1537,13.66,18.48,23.25,"953,376",26.73,1.31,-12.7,1
127,1538,-0.99,-4.32,12.46,"195,787",62.26,0.4,91.67,3
128,1539,-0.33,-1.01,9.48,"20,915",71.8,0.59,-126.6,0
129,1540,-1.22,-1.42,13.93,"68,558",14.73,0.19,-117.88,0
130,1541,12.59,29.21,20.23,"18,268",55.35,1.52,81.55,3
131,1558,10.59,15.49,28.14,"413,230",36.67,0.97,22.91,2
132,1560,5.92,11.01,29.99,"-1,047,143",49.9,0.59,0.05,1
133,1568,0.23,0.48,9.46,"198,540",52.96,0.55,-62.99,0
134,1582,8.94,16.3,26.29,"1,134,604",46.97,0.89,3.4,1
135,1583,6.75,13.7,18.46,"577,454",47.47,0.41,108.09,3
136,1587,6.56,13.75,26.02,"44,300",51.68,0.67,8057.35,3
137,1589,3.46,6.24,21.87,"-1,885,088",46.54,0.55,215.87,3
138,1590,12.81,25.63,49.49,"1,784,389",45.71,0.47,77.7,3
139,1592,-24.5,-90.64,13.7,"-265,487",80.86,0.76,-303.88,0
140,1597,5.73,9.45,40.95,"16,289",39.79,0.4,16.29,2
141,1598,12.23,35.34,41.79,"-374,064",63.25,1.28,498.86,3
142,1603,4.47,6.96,12.32,"170,453",34.96,0.27,40.2,2
143,1604,14.83,24.93,18.28,"776,566",35.84,0.61,137.56,3
144,1605,7.14,12.47,11.08,"-4,042,026",42.41,0.78,85.18,3
145,1608,3.06,4.76,4.67,"283,689",35.81,0.6,-49.25,0
146,1609,4.52,11.87,8.75,"-1,840,922",63.78,0.8,76.75,2
147,1611,2.09,2.83,26.74,"61,716",29.66,0.34,-89.69,0
148,1612,13.31,16.03,11.87,"-319,190",13.77,0.76,156.79,3
149,1614,5.26,6.41,21.28,"256,221",18.43,0.85,42.48,2
150,1615,10.68,17.29,17.14,"32,092",40.6,1.02,34.56,2
151,1616,-1.07,-1.99,4.78,"26,858",45.74,0.95,102.93,3
152,1617,4.91,8.13,14.41,"-134,773",40.91,1.04,64.29,2
153,1618,11.97,13.26,12.08,"135,211",8.37,0.58,256.16,3
154,1626,2.83,8.36,17.01,"-299,135",66.08,1.01,-39.24,0
155,1701,7.74,14.73,36.29,"414,505",46.37,0.68,45.39,2
156,1702,4.06,14.92,33.7,"3,370,914",72.55,0.72,-1.75,1
157,1707,15.61,24.72,82.21,"881,531",39.11,0.75,-2.24,1
158,1708,-0.43,-0.89,20.75,"783,694",51.2,0.33,-36.6,0
159,1709,4.62,7.03,17.54,"362,310",32.69,0.76,159.45,3
160,1710,-4.65,-10.43,2.76,"-1,401,260",56.28,0.53,-476.32,0
161,1711,3.08,5.01,20.19,"-293,697",36.58,0.58,-41.29,0
162,1712,3.85,8.2,26.91,"1,086,076",52.48,1.16,5.99,1
163,1713,5.05,5.38,13.93,"189,065",5.83,0.19,-5.22,1
164,1714,10.93,17.42,23.24,"445,919",32.69,1.08,569.1,3
165,1717,5.61,13.67,23.16,"366,187",58.64,0.7,2.68,1
166,1718,0.6,6.92,38.01,"14,041,727",91.3,0.04,56.88,2
167,1720,8.19,11.98,44.59,"356,810",30.41,0.62,32.98,2
168,1721,11.71,22.28,5.06,"420,686",48.38,0.61,7724.05,3
169,1722,3.6,5.37,25.46,"5,207,905",32.79,0.13,18.84,2
170,1723,5.72,9.57,20.88,"796,260",41.51,0.45,-45.45,0
171,1724,0.75,1.12,12.64,"47,711",38.01,0.59,-64.23,0
172,1725,0.4,0.62,5.46,"397,450",35.79,1.3,27.93,2
173,1726,8.66,10.11,26.51,"496,485",14.81,0.8,21.64,2
174,1727,-6.51,-11.44,10.92,"-576,966",44.8,0.74,-587.72,0
175,1730,13.92,20.04,45.69,"-241,655",28.01,1.17,5.27,1
176,1731,7.65,10.97,63.48,"22,769",24.24,0.41,69.97,2
177,1732,5.85,7.72,44.99,"1,330",24.61,1.0,55.26,2
178,1733,3.35,5.51,22.55,"509,989",37.91,0.73,-16.24,1
179,1734,-2.7,-5.13,36.66,"-169,688",48.69,0.4,-16.66,1
180,1735,2.78,5.62,19.35,"121,877",51.41,0.79,-37.2,0
181,1736,2.45,7.33,47.23,"2,362,781",67.03,0.98,-42.25,0
182,1737,4.82,5.93,41.77,"54,581",18.38,0.41,8.42,1
183,1760,0.74,1.43,51.89,"340,687",59.66,0.63,-82.71,0
184,1762,16.57,24.18,44.49,"-18,679",20.61,0.47,354.27,3
185,1773,15.4,21.95,29.85,"-144,552",30.01,1.02,32.68,2
186,1776,2.69,4.59,21.38,"-14,545",41.95,0.73,-24.65,1
187,1783,5.89,7.37,46.87,"58,492",10.06,0.43,5.32,1
188,1786,6.54,8.87,73.53,"41,192",25.73,0.25,6.05,1
189,1789,4.11,4.65,42.73,"-69,358",11.12,0.26,30.19,2
190,1795,4.87,11.21,42.84,"2,046,446",55.73,0.57,34.2,2
191,1802,4.18,8.21,16.89,"-123,096",47.96,0.47,253.14,3
192,1805,-4.29,-9.64,9.45,"1,002",56.1,0.15,15.37,2
193,1806,-4.2,-7.26,19.15,"541,742",44.24,0.36,5.25,1
194,1808,0.51,3.15,13.28,"2,293,538",86.22,0.23,-82.12,0
195,1809,-2.26,-2.83,17.88,"59,170",19.24,0.42,-21.87,1
196,1810,2.26,4.2,24.59,"-58,762",44.58,0.47,120.92,3
197,1817,5.85,8.72,31.83,"194,381",32.7,0.91,22.35,2
198,1903,12.66,30.1,33.55,"-1,014,971",54.63,0.02,24.42,2
199,1904,4.7,10.8,26.49,"3,976,186",56.09,0.67,59.51,2
200,1905,-0.86,-1.59,6.67,"-521,122",48.01,0.58,-3.41,1
201,1906,35.74,49.08,10.8,"291,245",23.73,0.18,-23.13,1
202,1907,5.37,12.06,20.46,"3,005,350",52.91,0.6,148.3,3
203,1909,4.27,12.89,15.68,"-4,038,465",65.49,0.58,84.62,3
204,2002,-0.1,-0.19,4.8,"15,295,005",49.2,0.48,-78.14,0
205,2006,7.42,13.14,15.45,"4,828,596",37.62,0.93,128.31,3
206,2007,-2.65,-7.01,-2.92,"-1,771,331",42.62,0.31,25.76,2
207,2008,5.54,12.56,2.29,"285,869",58.39,0.16,73.58,2
208,2009,15.37,21.18,-0.94,"-3,386",24.67,0.4,179.73,3
209,2010,3.45,5.66,7.0,"135,242",39.82,1.08,124.74,3
210,2012,1.58,4.06,14.27,"892,064",61.55,0.74,-50.72,0
211,2013,4.63,14.83,4.86,"-73,560",67.35,0.91,300.15,3
212,2014,2.31,4.46,3.95,"130,705",43.79,1.28,4795.38,3
213,2015,13.28,15.65,14.1,"2,095,448",15.41,1.23,33.48,2
214,2017,4.22,7.28,11.04,"-482,340",43.84,0.39,142.75,3
215,2020,6.43,13.4,9.67,"328,909",53.61,0.78,-9.92,1
216,2022,-4.61,-7.2,6.72,"-159,739",33.21,0.93,78.18,3
217,2023,0.69,2.09,7.49,"-2,630,960",66.88,0.66,130.44,3
218,2024,1.37,2.44,8.47,"87,994",40.9,0.58,56.82,2
219,2025,-10.47,-36.27,-23.49,"114,318",75.26,0.44,-17.91,1
220,2027,-2.43,-6.76,15.08,"7,288,007",62.34,0.59,-104.24,0
221,2028,9.07,21.12,8.34,"420,961",54.21,1.37,208.7,3
222,2029,2.56,2.85,9.24,"7,252",11.48,0.95,742.04,3
223,2030,1.08,3.05,8.88,"-161,890",66.49,0.95,-59.61,0
224,2031,9.32,22.48,8.25,"-1,007,883",59.28,0.55,616.02,3
225,2032,3.96,4.77,5.98,"56,563",17.72,1.6,60.41,2
226,2033,3.42,4.05,13.4,"11,329",12.86,0.62,-45.64,0
227,2034,12.71,19.48,9.32,"-732,824",31.21,1.0,-32.09,0
228,2038,1.03,2.4,4.69,"-675,977",57.36,0.94,157.67,3
229,2049,3.72,7.02,27.23,"-1,535,122",42.98,0.44,3.53,1
230,2059,8.91,10.65,52.38,"849,790",16.85,0.37,-25.26,1
231,2062,-0.36,-0.86,9.04,"-102,350",58.59,0.59,-210.65,0
232,2069,0.59,1.48,6.81,"413,884",61.27,0.9,407.93,3
233,2101,3.22,8.94,24.04,"-4,116,879",66.32,0.32,-25.65,1
234,2102,1.59,3.01,22.82,"464,331",48.25,0.4,116.65,3
235,2103,-0.22,-0.41,12.23,"3,455,250",45.82,0.78,-73.66,0
236,2104,-0.55,-0.82,20.7,"3,027,243",32.61,0.34,-42.0,0
237,2105,3.98,7.9,24.93,"8,445,593",46.49,0.61,70.7,2
238,2106,1.6,3.57,24.29,"3,257,899",54.92,0.72,-4.08,1
239,2107,6.22,7.14,32.36,"531,506",8.77,0.26,67.31,2
240,2108,28.68,35.9,44.98,"1,292,077",21.67,1.15,144.37,3
241,2109,5.07,9.0,23.74,"369,981",43.79,0.63,278.96,3
242,2114,18.71,21.74,41.63,"326,333",13.41,0.56,31.08,2
243,2115,13.71,24.23,24.08,"-408,092",42.45,0.59,145.86,3
244,2201,1.65,8.33,22.54,"-463,612",78.47,0.27,119.73,3
245,2204,6.92,8.35,15.89,"368,460",16.28,0.58,253.38,3
246,2206,4.94,13.43,19.15,"1,352,892",63.5,0.96,-6.41,1
247,2207,6.33,21.64,16.2,"5,475,984",71.1,0.84,21.72,2
248,2208,-4.28,-26.98,-5.57,"609,733",86.55,0.7,11.87,2
249,2211,11.67,15.57,21.67,"1,028,590",30.16,0.44,5.91,1
250,2227,23.01,29.98,13.8,"12,207,967",21.93,1.05,-10.18,1
251,2228,1.67,2.31,21.75,"-112,778",32.99,0.65,-84.93,0
252,2231,3.55,6.45,38.09,"180,860",52.59,0.45,-73.04,0
253,2233,9.01,13.34,32.43,"330,901",33.69,0.62,22.34,2
254,2236,-0.86,-1.5,24.83,"-10,730",42.63,0.52,-47.82,0
255,2239,3.49,8.23,15.97,"384,254",58.46,0.69,-14.73,1
256,2241,0.29,0.46,19.0,"-413,707",29.02,0.38,-91.09,0
257,2243,-8.03,-42.06,-19.23,"725,766",85.88,0.21,-117.34,0
258,2247,6.04,10.45,11.88,"-2,967,940",38.78,2.29,46.37,2
260,2301,4.66,11.35,17.43,"6,959,467",57.89,0.87,4.5,1
261,2302,5.97,7.3,38.85,"-11,492",18.99,0.37,23853.74,0
262,2303,8.52,14.39,22.05,"44,723,620",37.55,0.47,343.49,3
263,2305,0.96,1.25,32.69,"-3,759",23.65,0.2,261.09,3
264,2308,5.69,10.45,30.86,"6,384,716",46.91,0.87,14.45,2
265,2312,-0.31,-1.2,6.21,"-2,331,642",74.83,1.31,-47.61,0
266,2313,7.49,17.41,18.18,"1,610,227",56.1,0.95,22.04,2
267,2314,-4.53,-9.3,18.73,"-118,370",55.19,0.76,-5765.97,0
268,2316,2.83,4.83,3.98,"2,426,832",41.54,0.38,-24.78,1
269,2317,3.47,8.46,5.65,"61,778,851",59.88,1.53,-13.51,1
270,2321,-5.86,-22.19,17.02,"45,174",74.83,0.52,70.06,2
271,2323,-0.1,-0.13,21.31,"1,070,631",22.11,0.37,-25.51,1
272,2324,1.66,6.13,3.38,"8,122,554",75.16,2.47,31.84,2
273,2327,8.07,19.48,39.39,"9,632,918",62.03,0.48,84.39,3
274,2328,3.74,6.25,10.44,"382,998",38.16,0.97,-31.45,0
275,2329,-2.68,-5.97,5.03,"-2,608,007",47.51,0.91,-145.26,0
276,2330,19.41,28.1,53.1,"99,488,004",32.97,0.53,50.04,2
277,2331,0.28,0.6,10.51,"-671,991",53.32,1.1,24.29,2
278,2332,6.79,11.52,31.46,"-1,445,920",38.93,0.96,396.68,3
279,2337,8.87,16.35,33.69,"534,407",45.07,0.63,76.76,2
280,2338,6.62,14.97,20.21,"622,842",62.33,0.63,55.9,2
281,2340,4.62,6.47,29.4,"440,698",27.7,0.53,-4.88,1
282,2342,7.7,10.64,22.68,"56,335",26.49,0.65,155.31,3
283,2344,4.17,7.16,28.08,"611,656",43.99,0.53,2.83,1
284,2345,16.85,37.45,21.21,"3,344,366",53.47,1.8,2.0,1
285,2347,6.03,17.02,4.52,"5,409,892",64.4,2.17,18.28,2
286,2348,21.38,58.15,59.05,"-456,962",63.52,0.53,147.2,3
287,2349,-5.0,-9.43,13.34,"356,568",47.38,0.32,68.82,2
288,2351,3.99,6.99,15.77,"676,777",43.16,0.81,-27.08,0
289,2352,3.94,11.29,13.99,"-1,349,642",65.48,1.25,44.38,2
290,2353,2.93,8.21,10.87,"6,409,449",66.32,1.63,139.28,3
291,2354,3.12,4.75,6.17,"3,420,402",34.79,0.63,-33.41,0
292,2355,-0.15,-0.22,5.68,"1,338,403",31.9,0.67,-93.08,0
293,2356,3.15,11.18,4.15,"187,764",72.97,2.5,35.89,2
294,2357,9.2,17.31,17.74,"20,477,347",45.87,1.1,118.11,3
295,2358,0.37,0.93,9.75,"123,792",61.38,0.63,789.09,3
296,2359,0.39,0.5,21.15,"589,726",24.89,0.55,-91.58,0
297,2360,9.18,15.78,48.57,"1,221,316",41.74,0.58,26.01,2
298,2362,0.64,1.55,21.52,"3,754,941",57.7,0.21,-37.89,0
299,2363,76.71,77.23,28.18,"-153,783",0.49,0.01,-33.56,0
300,2364,1.0,4.54,29.79,"21,357",78.06,0.75,118.77,3
301,2365,-2.52,-3.02,31.18,"72,839",18.81,0.44,-5.02,1
302,2367,-4.84,-11.25,-0.02,"74,764",59.42,0.59,-182.92,0
303,2368,9.87,25.56,22.61,"-511,236",57.2,1.1,1493.06,3
304,2369,-1.94,-2.96,5.48,"285,111",32.85,0.69,70.45,2
305,2371,-4.53,-19.8,20.0,"-3,393,596",78.44,0.28,45.52,2
306,2373,10.95,22.26,44.77,"1,811,074",50.59,0.74,3.79,1
307,2374,-8.06,-12.29,17.05,"342,291",35.43,0.36,-17.31,1
308,2375,4.71,8.18,25.89,"1,554,967",44.21,0.34,1.29,1
309,2376,10.25,17.25,17.1,"1,359,359",44.54,1.94,127.06,3
310,2377,11.64,24.27,14.54,"4,052,327",54.67,2.11,42.46,2
311,2379,9.8,26.19,42.76,"8,631,375",62.27,1.03,29.5,2
312,2380,-15.29,-32.01,17.77,"-23,828",59.18,0.69,-108.1,0
313,2382,3.59,15.7,5.86,"5,412,515",77.36,1.71,55.63,2
314,2383,14.08,24.89,25.88,"1,660,283",39.85,1.02,13.83,2
315,2385,7.63,17.36,18.7,"4,854,578",56.69,1.29,-3.45,1
316,2387,7.63,18.44,15.76,"-370,619",61.93,1.12,458.3,3
317,2388,34.77,66.22,31.61,"-4,356,725",42.66,0.47,5283.45,3
318,2390,7.15,8.98,17.61,"-323,774",19.71,0.19,208.15,3
319,2392,2.75,7.35,10.91,"-5,530,976",63.43,1.15,5.43,1
320,2393,4.65,7.75,25.04,"1,131,432",40.73,0.74,46.79,2
321,2395,14.93,21.46,39.9,"5,089,289",30.19,1.05,-1.22,1
322,2397,5.38,8.66,25.26,"836,113",37.73,1.0,-23.26,1
323,2399,5.0,6.66,12.04,"-267,985",23.46,0.71,217.4,3
324,2401,5.18,6.38,45.6,"459,431",20.61,0.53,254.12,3
325,2402,1.79,2.77,13.53,"483,707",39.71,0.61,-47.0,0
326,2404,15.87,42.13,15.86,"2,679,437",62.47,1.43,41.38,2
327,2405,1.99,2.42,37.31,"120,119",13.17,0.42,686.54,3
328,2406,-3.26,-9.01,12.88,"1,374,135",62.62,0.64,-1928.19,0
329,2408,3.46,3.74,25.72,"6,285,474",7.14,0.37,-21.77,1
330,2409,1.43,3.02,8.4,"5,397,021",52.42,0.67,113.46,3
331,2412,7.29,9.25,34.0,"67,685,864",23.13,0.42,2.79,1
332,2413,0.68,2.01,15.24,"-824,788",65.54,0.81,92.77,3
333,2414,5.11,11.42,8.01,"418,293",54.8,3.03,23.66,2
334,2415,-0.41,-1.05,24.56,"-137,267",62.79,0.37,5.81,1
335,2417,25.0,33.0,53.76,"-31,061",28.49,1.1,4045.27,3
336,2419,3.24,6.54,20.94,"1,084,961",55.54,0.91,14.93,2
337,2420,7.61,13.67,37.24,"351,689",41.6,0.43,-8.91,1
338,2421,8.73,19.66,23.46,"521,146",55.91,1.29,25.1,2
339,2423,6.01,8.77,48.35,"406,602",36.92,0.68,-36.15,0
340,2424,-23.61,-74.66,-625.74,"-64,189",77.87,0.03,-29.8,0
341,2425,9.25,13.4,9.35,"188,725",33.59,1.77,42.54,2
342,2426,5.24,8.5,14.85,"261,650",36.44,0.39,47.05,2
343,2427,2.21,4.47,32.59,"94,922",49.47,0.68,-0.35,1
344,2428,14.84,21.03,45.85,"76,158",32.51,0.6,23.79,2
345,2429,-7.6,-23.19,8.56,"-38,358",67.65,0.99,47.12,2
346,2430,2.12,6.1,15.59,"1,034,694",65.74,1.44,45.62,2
347,2431,2.68,4.49,12.65,"-106,746",40.08,1.02,427.22,3
348,2433,7.37,12.24,31.62,"535,215",39.33,0.51,-9.27,1
349,2434,0.09,0.23,8.1,"-187,948",39.2,0.22,97.38,3
350,2436,11.28,14.86,25.43,"222,508",26.04,0.65,4.72,1
351,2438,2.04,2.39,19.83,"73,009",13.16,0.39,139.68,3
352,2439,1.28,3.03,12.54,"3,954,798",64.07,1.15,-47.87,0
353,2440,9.34,18.35,8.99,"-519,669",42.42,1.32,695.98,3
354,2441,12.91,15.3,25.91,"1,287,389",16.42,0.72,40.42,2
355,2442,0.98,2.88,15.56,"-60,047",65.84,0.42,-66.0,0
356,2443,-37.11,-57.1,-15.75,"-346,402",42.19,0.42,-63.13,0
357,2444,-5.48,-10.75,14.37,"-19,449",53.75,0.99,-255.98,0
358,2449,9.16,19.19,27.47,"-491,978",52.17,0.5,19.58,2
359,2450,4.34,7.45,11.43,"980,640",41.75,2.67,6.32,1
360,2451,5.77,6.35,21.58,"2,557,918",9.96,0.55,-30.73,0
361,2453,4.23,9.81,22.77,"72,930",55.83,1.34,33.54,2
362,2454,14.62,21.05,43.94,"33,907,209",29.75,0.65,78.58,3
363,2455,12.31,18.6,42.13,"444,552",32.81,0.61,3.55,1
364,2456,3.44,5.75,26.76,"-1,266,884",39.15,0.42,34.18,2
365,2457,-1.7,-3.51,12.74,"772,719",54.21,0.93,-305.2,0
366,2458,24.59,37.44,46.72,"1,559,192",35.84,1.18,29.55,2
367,2459,6.04,10.94,20.4,"216,370",44.66,0.74,1.81,1
368,2460,-0.95,-2.33,10.89,"-44,363",58.58,0.64,77.82,3
369,2461,2.62,5.35,23.24,"-417,172",50.17,0.74,220.43,3
370,2462,2.91,5.43,10.43,"327,036",47.11,0.94,-6.75,1
371,2464,4.62,12.8,21.14,"-534,232",63.34,0.79,-24.69,1
372,2465,2.01,10.13,12.37,"4,172",81.02,3.0,200.65,3
373,2466,-1.99,-4.92,11.79,"141,752",59.6,0.3,-76.87,0
374,2467,6.22,15.35,37.87,"601,797",60.26,0.62,40.43,2
375,2468,1.8,3.05,10.28,"64,959",41.72,1.12,-15.59,1
376,2471,7.33,12.26,39.06,"80,202",40.76,0.61,21.88,2
377,2472,9.2,15.51,28.69,"-641,727",35.98,0.72,65.62,2
378,2474,7.6,12.37,26.57,"16,662,989",38.23,0.33,87.35,3
379,2476,4.76,7.25,28.14,"178,663",35.64,0.6,-6.06,1
380,2477,1.15,2.69,22.27,"-136,512",65.75,0.38,-57.85,0
381,2478,8.45,12.75,24.05,"59,077",35.84,0.64,70.56,2
382,2480,9.3,17.94,24.85,"455,544",50.74,1.02,11.45,1
383,2481,7.53,18.34,23.34,"-858,992",59.19,0.63,79.03,3
384,2482,-3.05,-4.72,39.02,"14,202",35.94,0.7,-229.04,0
385,2483,2.53,4.0,21.11,"-309,355",38.75,0.47,-47.47,0
386,2484,8.23,11.55,20.55,"30,443",31.74,0.61,33.34,2
387,2485,-1.64,-2.14,3.42,"-28,643",25.58,0.93,-22.28,1
388,2486,-2.28,-4.63,12.41,"-1,067,099",52.21,0.7,15.6,2
389,2488,5.34,8.21,22.36,"191,034",37.71,0.6,-35.49,0
390,2489,2.94,4.35,7.99,"9,207",34.39,0.92,3303.06,3
391,2491,10.2,11.28,59.95,"26,854",8.06,0.19,-80.04,0
392,2492,11.04,19.1,31.58,"-2,160,074",44.38,0.5,1.93,1
393,2493,8.27,12.34,26.45,"277,589",35.49,0.74,35.12,2
394,2495,-1.41,-1.78,43.53,"160,003",22.56,0.22,-132.29,0
395,2496,4.63,7.96,47.91,"54,363",35.78,0.56,-18.27,1
396,2497,-3.78,-7.77,23.23,"-20,691",53.14,0.57,-13124.01,0
397,2498,-10.65,-16.04,26.95,"-1,139,954",33.53,0.12,36.02,2
398,2501,2.23,5.05,22.61,"909,820",57.31,0.25,8.31,1
399,2504,6.55,10.99,16.6,"1,192,506",38.58,0.53,115.08,3
400,2505,27.68,61.46,38.7,"4,809,895",54.25,0.73,8589.12,3
401,2506,0.3,0.53,30.74,"-935,976",40.56,0.19,170.0,3
402,2509,1.66,2.83,41.36,"343,260",38.14,0.16,-47.48,0
403,2511,2.04,4.5,18.53,"937,775",53.18,0.22,-22.29,1
404,2514,5.4,12.8,7.24,"1,719,707",60.65,0.5,27.18,2
405,2515,1.64,3.46,7.02,"1,976,340",51.52,0.32,94.53,3
406,2516,-10.8,-35.15,-10.68,"237,578",70.94,0.93,-2241.08,0
407,2520,6.89,24.55,26.0,"1,667,558",69.73,0.48,152.56,3
408,2524,4.92,12.0,34.42,"792,413",54.72,0.25,1.71,1
409,2527,1.68,3.52,31.03,"1,132,904",51.32,0.2,-48.46,0
410,2528,-2.0,-6.29,14.13,"-675,343",69.55,0.11,-123.32,0
411,2530,-1.37,-1.94,29.1,"-3,086,767",25.84,0.01,-27.06,0
412,2534,1.65,3.89,44.23,"2,698,565",61.5,0.09,-54.4,0
413,2535,5.82,13.66,11.88,"247,398",57.73,0.82,79.55,3
414,2536,2.82,5.08,24.6,"3,497,773",48.37,0.18,1.03,1
415,2537,1.67,4.47,23.33,"207,763",67.06,0.14,166.74,3
416,2538,-0.92,-2.74,31.8,"348,417",67.89,0.02,56.85,2
417,2539,5.17,10.96,32.66,"-1,520,432",57.19,0.29,-44.77,0
418,2540,6.36,18.81,42.79,"-154,576",66.64,0.34,347.73,3
419,2542,1.72,8.05,28.01,"6,809,215",80.2,0.15,-19.08,1
420,2543,0.58,2.13,2.75,"47,985",73.17,0.82,154.18,3
421,2545,4.27,16.25,44.45,"153,657",72.49,0.16,12081.94,3
422,2546,7.3,22.24,7.49,"287,383",67.46,1.6,55.69,2
423,2547,1.19,5.47,40.0,"-4,273",78.45,0.12,43.09,2
424,2548,7.68,16.19,33.53,"1,520,638",51.58,0.31,-11.76,1
425,2597,9.29,19.61,13.55,"651,004",52.65,1.25,48.6,2
426,2601,-1.24,-3.66,56.19,"3,409,467",66.73,0.17,-119.22,0
427,2603,8.24,30.16,21.97,"9,501,330",69.63,0.65,12999.39,3
428,2605,-3.03,-4.16,22.14,"920,171",26.04,0.18,58.5,2
429,2606,-3.36,-8.25,11.0,"5,333,228",61.78,0.14,-45.83,0
430,2607,2.84,4.31,14.22,"1,081,877",33.42,0.2,-19.25,1
431,2608,7.1,14.72,21.63,"1,369,738",50.05,0.57,11.63,2
432,2609,7.07,51.05,17.24,"8,890,224",81.36,0.78,404.83,3
433,2610,0.2,0.97,8.87,"-5,302,586",78.64,0.4,58.55,2
434,2611,1.31,2.22,7.55,"-637,099",39.84,0.13,49.25,2
435,2612,-0.13,-0.27,17.5,"422,625",49.96,0.16,1.6,1
436,2613,0.71,2.64,11.56,"156,097",72.47,0.25,-13.02,1
437,2614,2.85,6.73,30.56,"1,698,215",58.42,0.3,30.94,2
438,2615,9.79,23.87,21.47,"4,164,397",59.32,0.83,216.57,3
439,2616,13.9,27.83,10.93,"436,694",47.47,1.68,9.19,1
440,2617,5.5,8.33,23.88,"507,400",35.53,0.16,-13.8,1
441,2618,0.22,0.96,9.61,"-3,181,428",76.74,0.26,-167.54,0
442,2630,0.95,2.61,4.9,"387,233",62.69,0.87,-5.83,1
443,2633,1.34,8.25,33.32,"17,865,890",83.61,0.09,-27.03,0
444,2634,0.8,2.52,6.66,"4,265,028",68.28,0.47,-78.88,0
445,2636,11.86,27.88,16.28,"-11,452",57.18,2.2,136.46,3
446,2637,-3.1,-9.41,13.88,"-792,074",67.85,0.14,-94.93,0
447,2642,9.96,19.9,17.2,"408,467",48.33,1.07,29.33,2
448,2701,-1.01,-1.17,63.6,"156,955",14.21,0.03,-56.42,0
449,2702,-4.46,-29.08,69.26,"-260,952",86.32,0.1,-5661.06,0
450,2704,3.87,4.51,23.26,"-129,016",15.92,0.16,-99.15,0
451,2705,-3.15,-25.84,16.21,"-1,665,968",89.16,0.13,31.49,2
452,2706,-1.08,-1.25,72.72,"191,069",13.97,0.02,-69.79,0
453,2707,5.67,17.53,28.22,"1,634,534",66.68,0.49,-47.08,0
454,2712,6.54,7.93,39.02,587,14.68,0.38,709.55,3
455,2722,5.97,7.98,44.44,"51,224",23.26,0.29,135.28,3
456,2723,4.53,9.7,59.46,"2,276,254",51.88,0.88,6.83,1
457,2727,2.21,6.84,46.25,"2,156,652",69.16,1.17,-26.67,1
458,2731,-6.12,-22.8,16.02,"-1,043,003",71.59,0.88,-271.59,0
459,2739,-1.71,-15.3,21.36,"829,944",89.74,0.19,-384.93,0
460,2748,2.54,8.44,24.35,"896,705",68.89,0.42,-40.69,0
471,2841,-4.96,-9.69,61.45,"73,659",50.31,0.01,-714.01,0
477,2855,3.91,14.54,88.99,"3,735,613",74.08,0.09,52.27,2
493,2901,1.49,1.71,84.85,"32,899",12.96,0.11,-56.94,0
494,2903,1.63,5.38,50.17,"4,053,849",69.02,0.29,18.24,2
495,2904,10.02,15.03,47.12,"142,301",36.6,0.35,18.4,2
496,2905,-0.03,-0.91,17.21,"-45,357,257",96.57,0.15,-61.52,0
497,2906,2.09,3.58,25.85,"656,469",41.1,0.72,14.02,2
498,2908,1.93,10.71,25.51,"3,786,080",81.99,1.14,623.65,3
499,2910,1.78,4.72,65.73,"23,783",62.25,0.09,2.12,1
500,2911,-6.17,-13.44,44.16,"288,561",55.06,0.78,22.73,2
501,2912,5.05,22.67,34.07,"23,854,248",78.53,1.28,-6.37,1
502,2913,0.11,0.18,39.98,"-109,901",37.08,0.01,88.11,3
503,2915,25.02,34.07,35.66,"15,379,764",24.77,0.02,-11.92,1
504,2923,2.69,5.92,41.15,"-561,298",53.52,0.11,-85.67,0
505,2929,-30.92,-46.86,-48.34,"102,131",39.85,0.4,-295.76,0
506,2936,1.19,2.64,30.77,"590,958",50.96,1.79,441.06,3
507,2939,0.34,0.43,27.83,"422,886",25.32,1.15,-98.69,0
508,3002,0.63,0.86,24.87,"72,875",27.45,0.43,-16.62,1
509,3003,6.8,9.65,31.75,"244,345",29.55,0.5,-14.44,1
510,3004,1.43,3.53,19.13,"-30,364",57.33,0.36,-82.95,0
511,3005,8.58,15.95,27.94,"2,041,762",46.85,0.86,12.61,2
512,3006,9.36,14.21,17.35,"549,266",37.47,1.3,114.48,3
513,3008,15.38,18.71,66.97,"18,417,476",17.79,0.34,-13.19,1
514,3010,6.61,17.16,8.13,"1,043,591",61.53,1.61,31.24,2
515,3011,-5.0,-8.95,8.75,"5,936",47.43,0.73,-2.45,1
516,3013,1.99,3.97,9.09,"-164,277",50.44,1.24,-48.94,0
517,3014,21.92,29.35,51.02,"617,531",25.87,0.81,73.86,2
518,3015,16.37,27.19,13.97,"279,604",37.7,0.87,380.19,3
519,3016,0.23,0.34,6.04,"95,529",32.19,0.67,145.21,3
520,3017,5.68,21.01,15.71,"-1,450,213",72.25,1.04,113.21,3
521,3018,-4.13,-11.99,8.84,"-7,212",69.93,1.01,72.52,2
522,3019,0.93,1.22,18.61,"1,376,576",25.81,0.79,-54.91,0
523,3021,3.66,7.61,21.07,"89,448",53.79,1.06,-29.64,0
524,3022,10.08,14.25,36.02,"1,234,475",30.0,0.59,47.72,2
525,3023,11.13,25.9,25.63,"-663,686",58.75,1.07,30.14,2
526,3024,0.85,1.22,23.45,"36,834",29.53,0.34,-10.44,1
527,3025,7.39,9.32,55.78,"57,105",21.13,0.57,59.36,2
528,3026,8.58,12.88,20.78,"1,020,986",34.77,1.03,85.85,3
529,3027,0.83,1.29,38.76,"440,394",39.44,0.37,303.02,3
530,3028,3.64,13.24,4.71,"143,029",75.11,2.05,104.71,3
531,3029,8.64,18.14,10.64,"300,573",51.21,1.84,26.13,2
532,3030,16.21,19.83,54.85,"811,794",18.51,0.73,16.4,2
533,3031,5.24,6.48,27.44,"230,620",18.98,0.39,-43.08,0
534,3032,6.82,16.67,18.39,"586,704",61.51,1.04,56.56,2
535,3033,2.44,9.62,5.25,"-592,828",73.42,2.53,168.56,3
536,3034,25.25,36.3,34.97,"6,993,557",31.25,1.52,49.07,2
537,3035,17.0,23.29,47.31,"512,204",22.66,0.69,-23.87,1
538,3036,8.92,29.78,3.05,"-4,002,398",64.8,3.04,49.91,2
539,3037,5.14,11.9,14.6,"2,017,525",57.42,0.75,62.32,2
540,3038,5.7,10.5,21.03,"166,872",45.12,1.03,-9.36,1
541,3040,28.5,31.14,55.4,"436,579",6.86,0.09,364.58,3
542,3041,-5.93,-7.18,31.75,"236,992",18.54,0.53,24.18,2
543,3042,11.55,18.85,30.17,"815,673",41.84,0.74,112.76,3
544,3043,-3.19,-41.84,19.95,"9,531",93.71,0.88,-161.3,0
545,3044,7.79,16.3,20.07,"4,647,805",52.08,0.76,1.46,1
546,3045,6.82,15.79,23.67,"29,904,058",61.0,0.78,-6.76,1
547,3046,-2.99,-7.54,18.81,"16,492",62.36,1.17,60.43,2
548,3047,2.75,6.98,25.71,"-269,651",59.98,0.89,47.62,2
549,3048,2.31,13.66,2.7,"327,697",84.05,5.13,89.34,3
550,3049,2.05,3.65,23.05,"-2,829,408",44.29,0.18,-63.46,0
551,3050,1.8,3.77,39.46,"167,977",52.26,0.18,16.1,2
552,3051,0.12,0.87,18.43,"-3,321,750",85.86,0.27,109.72,3
553,3052,4.17,10.68,9.3,"504,336",58.43,0.66,81.88,3
554,3054,-2.78,-3.13,-9.07,"15,801",6.71,0.26,-589.32,0
555,3055,-0.49,-1.12,14.8,"303,063",61.79,0.67,-360.4,0
556,3056,6.42,20.45,32.59,"-1,280,402",70.58,0.29,117.37,3
557,3057,-3.99,-8.23,31.97,"-16,709",47.94,0.56,85.41,3
558,3058,-3.56,-9.06,11.73,"182,249",63.41,0.83,-680.75,0
559,3059,0.58,0.91,24.94,"1,569,080",38.69,0.42,4291.75,3
560,3060,-6.88,-11.35,6.67,"45,189",38.21,0.77,40.32,2
561,3062,-0.16,-0.23,7.69,"67,453",32.78,0.6,-54.09,0
562,3090,7.64,12.91,17.32,"508,896",42.11,1.22,1.91,1
563,3092,3.39,7.95,24.15,"-229,967",60.05,0.68,-57.58,0
564,3094,2.41,2.68,67.13,"103,703",10.05,0.2,-19.3,1
565,3130,9.65,17.07,88.85,"317,172",44.85,0.62,-10.82,1
566,3138,8.61,14.53,42.11,"-207,125",36.29,0.72,91.33,3
567,3149,0.48,1.25,-0.37,"-201,324",62.02,0.62,-385.55,0
568,3164,5.09,5.54,66.23,"36,792",8.12,0.2,5.21,1
569,3167,9.2,22.51,29.5,"1,418,917",62.11,0.51,135.51,3
570,3189,2.15,3.12,21.47,"77,304",31.77,0.64,147.73,3
571,3209,3.27,12.1,3.87,"582,479",72.7,3.55,51.65,2
572,3229,-30.5,-50.02,2.06,"-51,706",45.69,0.51,-42.46,0
573,3231,2.3,10.61,5.45,"4,687,455",80.43,2.19,32.71,2
574,3257,13.85,15.49,47.3,"295,898",13.03,0.63,157.49,3
575,3266,1.34,2.66,15.73,"237,218",50.28,0.29,-39.89,0
576,3296,0.96,1.51,16.09,"94,309",40.44,1.08,-13.68,1
577,3305,3.22,5.78,12.72,"-158,418",44.65,0.81,3.95,1
578,3308,-5.19,-11.23,5.64,"-350,805",54.17,0.21,6.94,1
579,3311,-13.78,-18.6,9.48,"-144,834",27.35,0.56,-1101.04,0
580,3312,2.98,10.57,4.94,"203,951",73.04,2.67,27.54,2
581,3321,-10.81,-30.58,3.56,"-951,797",60.0,0.73,30.63,2
582,3338,5.14,13.6,20.22,"206,419",61.56,1.21,-23.02,1
583,3346,0.9,2.85,16.34,"52,560",67.0,0.83,-5.44,1
584,3356,5.36,8.41,45.96,"-40,159",28.61,0.44,606.98,3
585,3376,8.39,12.06,23.99,"-346,543",29.85,0.73,28.89,2
586,3380,3.27,6.34,15.56,"2,771,663",52.83,1.24,203.51,3
587,3383,-9.06,-83.23,-20.82,"-61,825",93.26,0.17,-23.26,1
588,3406,13.39,21.51,43.46,"143,770",39.63,0.67,20.52,2
589,3413,13.77,27.71,25.63,"-803,752",52.01,1.01,91.88,3
590,3416,9.39,11.3,34.95,"241,929",20.36,0.7,6.16,1
591,3419,2.53,3.94,20.39,"-281,882",35.27,0.61,197.15,3
592,3432,2.09,2.57,29.78,"60,567",12.77,0.02,-28.21,0
593,3437,0.03,0.05,6.97,"12,535",42.91,1.22,46.62,2
594,3443,9.33,19.18,30.0,"1,018,058",53.96,1.5,34.18,2
595,3450,7.06,9.95,22.98,"667,001",30.03,0.77,0.99,1
596,3454,4.35,7.01,33.69,"305,000",38.92,1.18,-8.42,1
597,3481,0.85,1.36,8.83,"-11,156,996",37.41,0.72,109.4,3
598,3494,-24.45,-46.84,-23.46,"-351,286",47.23,0.16,-81.66,0
599,3501,5.82,7.71,24.24,"24,021",24.36,0.6,-20.23,1
600,3504,-3.95,-7.01,18.21,"-410,763",42.32,0.67,-4507.01,0
601,3515,11.91,19.03,21.51,"726,904",37.62,1.63,132.07,3
602,3518,-1.7,-2.61,32.66,"-52,546",37.12,0.32,71.67,2
603,3528,6.28,13.85,11.01,"185,042",54.21,1.51,14.92,2
604,3530,10.26,13.05,20.19,"-178,383",26.77,1.22,80.4,3
605,3532,5.7,6.42,20.23,"1,629,705",11.93,0.52,-38.47,0
606,3533,16.19,21.3,40.08,"1,499,156",24.91,0.97,32.23,2
607,3535,-4.41,-10.68,20.6,"54,448",63.27,0.5,-187.38,0
608,3536,-8.72,-43.04,7.93,"-92,227",84.04,0.37,67.5,2
609,3543,-6.61,-12.32,14.0,"-407,446",49.26,0.55,-502.47,0
610,3545,7.12,10.97,24.85,"1,178,248",36.72,1.15,578.15,3
611,3550,3.09,6.59,19.87,"56,699",53.36,0.9,59.29,2
612,3557,15.09,52.18,40.42,"-292,813",64.48,0.96,232.9,3
613,3563,19.39,28.16,63.38,"-189,293",29.7,0.71,-24.5,1
614,3576,-16.24,-35.45,-7.45,"-2,222,647",53.72,0.31,-6.81,1
615,3583,7.32,11.27,40.67,"672,539",40.61,0.85,-5.34,1
616,3588,3.95,4.72,32.22,"56,213",17.63,0.92,158.84,3
617,3591,2.47,3.39,19.22,"141,269",29.5,0.53,111.82,3
618,3593,6.75,14.4,19.52,"-149,902",48.08,0.62,142.3,3
619,3596,5.64,13.15,14.97,"1,266,342",58.48,1.24,20.16,2
620,3605,3.38,7.45,22.77,"243,397",55.67,0.82,-14.13,1
621,3607,-10.11,-16.16,0.33,"-129,053",40.06,0.7,28.23,2
622,3617,4.35,10.1,40.6,"437,340",56.9,0.87,-6.55,1
623,3622,1.57,1.73,19.94,"237,390",10.21,0.18,48.25,2
624,3645,7.07,13.38,37.62,"73,880",45.17,0.41,278.77,3
625,3653,9.65,13.81,29.18,"-1,531,606",37.21,0.75,8.56,1
626,3661,8.88,17.71,32.59,"378,003",57.33,0.99,92.59,3
627,3665,9.47,17.33,25.34,"2,464,338",41.55,0.96,-0.94,1
628,3669,20.23,27.67,52.85,"93,311",31.62,1.05,975.24,3
629,3673,0.6,1.39,4.25,"-1,404,892",55.99,1.36,241.67,3
630,3679,9.13,17.83,32.03,"1,361,148",48.28,0.59,113.66,3
631,3682,-13.62,-17.77,-2.31,"3,391,997",25.04,0.32,-12.75,1
632,3686,-12.84,-17.53,-3.71,"45,380",27.64,0.09,24.02,2
633,3694,4.09,12.98,12.21,"52,645",69.11,1.76,365.85,3
634,3701,1.56,3.15,12.63,"20,356",52.34,1.02,-112.36,0
635,3702,2.06,7.37,3.78,"642,506",71.79,2.63,26.05,2
636,3703,2.35,5.84,15.18,"3,869,830",59.91,0.33,973.88,3
637,3704,5.27,11.89,25.98,"-140,218",57.6,1.27,714.88,3
638,3705,5.82,11.19,45.54,"-318,194",47.86,0.65,3.6,1
639,3706,6.99,9.56,11.24,"2,696,164",25.21,0.73,2.78,1
640,3708,6.71,12.26,17.67,"623,796",47.5,0.9,-14.7,1
641,3711,5.29,13.43,16.35,"16,078,680",59.83,0.84,62.17,2
642,3712,1.0,2.73,12.54,"-2,202,235",64.15,0.34,191.24,3
643,4104,4.62,7.04,19.57,"109,552",31.6,0.48,7.52,1
644,4106,4.01,5.89,42.3,"174,901",30.86,0.66,18.66,2
645,4108,-2.69,-2.87,49.56,"-125,215",5.94,0.05,42.05,2
646,4119,7.13,9.08,47.39,"830,881",27.3,0.62,-36.94,0
647,4133,1.93,2.06,46.77,"17,109",6.45,0.36,1019.4,3
648,4137,12.11,23.59,85.09,"908,710",50.82,0.47,-32.99,0
649,4141,-2.46,-8.07,34.27,"-509,462",70.68,0.55,-12.55,1
650,4142,15.45,22.23,33.33,"-1,502,983",21.77,0.25,480.58,3
651,4148,0.26,0.29,22.65,"121,009",9.61,0.63,153.81,3
652,4155,4.82,7.53,21.96,"-92,244",31.4,0.62,7.65,1
653,4164,3.2,6.44,32.51,"-1,889,405",48.02,0.22,-7.05,1
654,4190,3.99,13.16,75.88,"838,862",70.52,0.4,-45.22,0
655,4306,1.7,5.48,16.48,"-1,620,781",66.54,0.44,238.01,3
656,4414,-1.41,-2.86,17.76,"501,387",50.58,0.76,90.19,3
657,4426,-2.66,-4.13,3.84,"48,345",37.22,0.24,-129.84,0
658,4438,4.01,6.17,10.55,"804,665",36.65,0.99,-49.18,0
659,4439,8.59,14.53,21.7,"462,378",39.89,1.34,7.19,1
660,4526,-2.46,-7.08,14.24,"1,132,776",65.89,0.47,-542.66,0
661,4532,4.26,12.1,11.91,"776,742",65.06,0.69,11.72,2
662,4536,7.26,13.21,34.54,"665,173",45.15,0.72,-7.98,1
663,4540,1.59,3.0,21.88,"-164,126",49.99,0.47,248.64,3
664,4545,0.52,0.92,22.66,"-34,175",45.67,0.63,111.77,3
665,4551,7.0,15.92,27.0,"627,994",50.04,0.6,-15.07,1
666,4552,5.01,6.66,20.65,"148,800",23.94,0.64,-30.98,0
667,4555,4.23,6.98,34.32,"-574,146",43.07,0.37,160.36,3
668,4557,6.69,9.65,31.5,"166,390",33.24,0.67,-28.28,0
669,4560,4.07,6.25,36.24,"255,569",40.58,0.5,-73.85,0
670,4562,-5.14,-14.42,23.05,"-46,323",65.14,0.23,-145.8,0
671,4564,3.74,6.75,27.25,"503,078",44.34,0.26,-39.15,0
672,4566,2.15,4.99,21.15,"-218,137",58.04,0.69,-54.27,0
673,4571,11.91,16.69,32.26,"190,083",31.73,0.85,29.24,2
674,4572,1.48,1.71,29.98,"226,909",12.16,0.16,-85.2,0
675,4576,2.93,4.57,34.25,"34,764",34.7,0.45,283.42,3
676,4581,5.97,9.13,23.36,"217,475",34.27,0.7,-26.33,1
677,4720,2.69,6.46,22.3,"54,314",58.14,1.06,110.21,3
678,4722,8.37,10.89,19.88,"268,590",22.7,1.16,9.59,1
679,4737,1.33,2.87,44.9,"95,929",53.83,0.38,-40.47,0
680,4739,2.32,4.11,9.0,"125,796",44.99,0.75,8.22,1
681,4746,3.33,6.79,30.73,"-61,582",48.61,0.31,901.66,3
682,4755,7.3,10.09,22.55,"-273,160",29.56,0.79,23.11,2
683,4763,18.46,35.27,33.51,"-277,473",48.27,0.83,53.83,2
684,4764,1.16,2.17,16.83,"-160,736",50.9,0.62,-68.19,0
685,4766,6.84,11.87,28.1,"857,385",42.13,0.82,-3.66,1
686,4807,1.14,2.08,22.75,"-228,984",43.84,0.91,182.49,3
687,4904,5.4,11.97,32.62,"16,930,602",60.65,0.52,-4.12,1
688,4906,7.34,13.54,11.37,"2,307,277",49.7,1.19,570.36,3
689,4912,7.53,20.82,23.4,"-79,683",59.44,0.87,73.41,2
690,4915,3.86,12.93,11.89,"-324,202",67.23,1.36,-14.08,1
691,4916,-4.83,-10.76,19.46,"1,380,782",60.21,0.6,-249.46,0
692,4919,2.65,6.09,37.29,"-14,209",64.36,0.95,-4.6,1
693,4927,5.67,10.16,21.19,"-182,497",49.82,0.87,44.92,2
694,4930,4.2,10.17,18.47,"-604,767",59.38,0.67,90.8,3
695,4934,-0.76,-1.73,10.28,"-115,630",54.9,0.54,98.9,3
696,4935,11.34,18.81,21.18,"618,435",41.76,1.01,293.27,3
697,4938,2.81,8.98,3.54,"14,564,679",70.93,2.23,22.62,2
698,4942,7.38,10.14,23.55,"585,265",26.89,0.72,4.32,1
699,4943,-0.33,-0.62,24.89,"430,498",46.55,0.43,-147.4,0
700,4952,10.31,13.95,34.12,"262,922",26.52,1.04,26.14,2
701,4956,0.62,0.91,14.83,"41,295",30.18,0.49,112.74,3
702,4958,7.91,13.07,20.25,"6,839,699",42.56,0.82,-7.2,1
703,4960,-0.26,-0.39,3.25,"-125,182",33.97,0.66,87.97,3
704,4961,9.93,14.87,21.89,"-1,657,839",32.29,1.43,137.26,3
705,4967,4.5,10.98,8.47,"-1,101,685",60.19,2.42,1727.37,3
706,4968,28.62,48.68,35.49,"96,185",40.31,1.77,354.14,3
707,4976,-2.44,-3.47,4.02,"70,844",31.37,0.59,38.89,2
708,4977,16.82,21.45,23.06,"-51,455",18.8,1.07,116.93,3
709,4989,1.57,1.91,6.58,"83,025",17.92,1.11,0.62,1
710,4994,18.6,27.4,53.13,"183,040",30.67,1.36,-12.69,1
711,4999,10.38,12.55,33.36,"153,691",19.89,0.71,103.23,3
712,5007,7.7,9.24,20.12,"685,013",16.1,0.65,-26.14,1
713,5203,2.43,3.23,88.67,"956,370",25.65,0.31,-50.41,0
714,5215,23.24,31.7,38.37,"-113,463",27.99,1.14,218.24,3
715,5225,-11.7,-44.86,5.77,"-56,005",81.54,1.53,-319.49,0
716,5234,14.98,22.22,35.82,"360,680",33.31,1.02,-2.94,1
717,5243,3.87,6.15,17.42,"504,736",39.4,1.06,-7.74,1
718,5258,5.77,14.36,25.8,"-114,228",58.08,1.05,365.49,3
719,5269,45.58,52.29,52.15,"1,857,267",10.13,0.73,203.35,3
720,5283,16.96,24.64,39.09,"937,280",30.85,1.09,21.4,2
721,5284,0.75,1.32,31.6,"36,143",43.06,0.38,29.34,2
722,5285,2.73,5.95,14.4,"42,949",56.34,0.83,-40.87,0
723,5288,7.23,11.79,19.47,"449,148",41.84,0.93,-11.54,1
724,5388,2.44,9.0,15.07,"361,715",74.75,1.27,-12.95,1
725,5434,10.9,22.26,11.9,"1,303,284",50.64,1.76,20.29,2
726,5469,4.82,9.38,20.99,"298,978",47.75,0.63,26.71,2
727,5471,28.41,35.91,42.5,"284,610",23.46,1.23,200.3,3
728,5484,-5.81,-7.53,19.17,"-12,055",26.1,0.42,52.52,2
729,5515,3.52,7.09,7.58,"635,676",51.46,0.77,108.7,3
730,5519,5.07,10.57,20.59,"-330,242",52.97,0.38,-7.4,1
731,5521,11.77,20.79,26.42,"167,542",33.04,0.8,4951.49,3
732,5522,5.33,11.43,26.73,"9,192,124",54.48,0.3,22.26,2
733,5525,0.31,0.97,23.15,"-722,378",72.0,0.07,-88.75,0
734,5531,0.0,0.0,28.06,"1,344,581",60.9,0.18,-84.67,0
735,5533,1.69,3.31,15.66,"74,974",46.8,0.26,157.33,3
736,5534,8.03,14.32,32.33,"2,621,089",45.92,0.29,-17.41,1
737,5538,6.7,13.46,13.88,"-169,897",52.83,1.13,5.84,1
738,5546,12.81,29.95,22.27,"-1,460,908",53.32,0.87,58.03,2
739,5607,4.75,9.98,55.29,"1,199,673",53.65,0.13,-17.25,1
740,5608,-5.69,-31.56,-17.45,"-1,089,253",83.86,0.12,-112.83,0
741,5706,0.1,0.22,26.55,"-16,265",51.94,0.2,-93.29,0
742,5871,3.18,19.93,71.81,"2,764,211",83.15,0.11,8.95,1
745,5906,4.33,13.93,52.26,"40,103",65.19,1.43,431.57,3
746,5907,0.14,0.41,67.15,"947,637",65.03,0.19,-120.23,0
747,6005,2.64,10.46,83.57,"1,094,998",76.28,0.07,35.75,2
748,6024,1.32,10.13,54.98,"-669,739",86.24,0.06,3.78,1
749,6108,-0.62,-1.67,11.88,"195,539",64.44,0.86,-123.44,0
750,6112,7.19,12.59,12.0,"900,792",44.2,1.69,38.88,2
751,6115,5.36,9.08,21.62,"984,511",42.55,0.76,-16.09,1
752,6116,8.71,10.18,24.75,"-1,124,507",14.41,0.39,391.0,3
753,6117,-3.04,-7.38,18.93,"-291,332",62.28,0.76,42.74,2
754,6120,-5.66,-10.7,-2.41,"-685,423",49.71,0.72,-552.57,0
755,6128,0.18,0.36,37.64,"787,641",51.48,0.63,-57.79,0
756,6131,9.8,10.82,46.78,"4,495",9.55,0.12,121.55,3
757,6133,-1.98,-2.78,15.58,"121,191",34.6,0.48,-91.33,0
758,6136,7.21,7.56,16.55,"133,701",4.58,0.24,-29.74,0
759,6139,0.27,0.67,5.79,"331,099",60.24,0.49,-69.22,0
760,6141,7.22,13.86,20.37,"-271,282",47.93,0.73,-36.61,0
761,6142,-7.09,-15.64,2.28,"-519,769",57.87,0.7,-28.25,0
762,6152,1.11,2.84,17.72,"-37,725",59.55,0.86,86.94,3
763,6153,2.16,4.45,11.63,"356,030",51.22,0.51,59.84,2
764,6155,2.9,4.79,25.38,"95,820",44.52,0.26,-57.59,0
765,6164,0.15,0.24,25.16,"21,646",34.66,0.43,71.98,2
766,6165,7.75,13.36,22.44,"155,782",54.92,1.04,331.02,3
767,6166,2.17,4.06,39.59,"222,448",48.34,1.12,-45.54,0
768,6168,9.02,12.12,21.25,"200,667",25.57,0.66,882.46,3
769,6172,1.62,3.76,1.86,"3,652",60.39,0.69,27.13,2
770,6176,10.63,19.91,19.03,"6,576,714",47.43,1.05,-10.94,1
771,6177,0.27,1.44,27.56,"-8,330",82.41,0.08,-83.55,0
772,6183,10.03,13.74,39.89,"295,880",29.71,0.63,14.98,2
773,6184,6.46,11.82,50.31,"71,734",43.15,0.26,-0.21,1
774,6189,5.77,15.33,7.56,"-467,023",64.6,2.42,12.08,2
775,6191,3.14,6.37,19.31,"481,357",50.34,0.73,94.98,3
776,6192,9.52,15.01,31.9,"816,905",34.94,0.75,3.69,1
777,6196,4.36,14.26,12.34,"-865,145",68.58,1.26,30.84,2
778,6197,7.18,10.48,26.53,"351,423",35.26,0.79,3.0,1
779,6201,9.0,12.58,21.77,"225,460",31.73,1.02,24.68,2
780,6202,22.88,30.89,46.79,"986,144",27.56,0.97,13.64,2
781,6205,5.16,7.13,34.34,"-276,016",32.46,0.54,26.48,2
782,6206,10.39,12.66,34.82,"786,508",17.58,0.78,-17.22,1
783,6209,-5.24,-7.57,4.08,"-144,897",34.82,0.66,-96.78,0
784,6213,11.41,25.13,19.47,"-1,962,425",47.85,1.03,8.21,1
785,6214,6.36,10.22,24.44,"1,169,288",38.04,1.09,-7.49,1
786,6215,-1.15,-2.05,24.53,"73,307",43.34,0.78,62.83,2
787,6216,6.28,7.01,48.78,"132,751",9.78,0.5,-28.27,0
788,6224,12.71,18.49,49.77,"356,645",34.77,0.55,8.85,1
789,6225,-32.78,-55.1,19.66,"-14,396",32.08,1.13,22.49,2
790,6226,-1.95,-3.56,32.76,"-144,109",51.06,0.34,-135.96,0
791,6230,9.69,18.28,21.73,"268,235",49.35,1.14,11.53,1
792,6235,15.25,30.94,23.97,"-75,131",46.69,0.48,228.93,3
793,6239,7.46,14.21,19.73,"-716,070",46.29,0.71,18.89,2
794,6243,-7.04,-13.0,22.92,-808,49.56,0.73,5.97,1
795,6251,5.48,16.2,13.57,"-624,372",61.08,0.95,337.24,3
796,6257,7.59,14.54,29.04,"174,492",49.87,0.46,23.22,2
797,6269,7.84,12.76,20.52,"760,384",40.24,0.77,-6.95,1
798,6271,7.28,8.78,28.45,"1,300,714",16.62,0.54,95.52,3
799,6277,21.3,32.82,58.86,"871,157",35.25,0.68,106.71,3
800,6278,4.41,11.98,12.1,"-346,700",64.51,1.16,7.82,1
801,6281,7.15,22.4,18.51,"1,032,113",68.17,2.46,32.08,2
802,6282,5.54,13.32,16.83,"-212,831",60.54,0.85,-14.92,1
803,6283,-3.44,-4.66,10.87,"528,227",33.98,0.55,-420.55,0
804,6285,4.23,9.3,11.09,"-49,882",55.76,1.73,0.39,1
805,6288,2.77,5.86,20.72,"130,728",52.95,0.74,-30.39,0
806,6289,-28.69,-783.01,-124.66,"-113,513",98.58,0.31,40.3,2
807,6405,3.73,4.66,10.74,"346,862",12.21,0.19,21529.03,3
808,6409,19.85,43.23,29.43,"1,868,552",55.22,1.23,3.1,1
809,6412,9.11,23.96,18.41,"1,322,106",62.14,1.49,23.83,2
810,6414,3.48,10.86,23.3,"3,827,107",67.26,0.92,4.27,1
811,6415,15.41,16.79,48.08,"-51,518",7.63,0.76,39.38,2
812,6416,9.31,14.04,21.01,"-193,783",33.27,1.21,27.32,2
813,6426,8.52,9.96,53.2,"75,713",10.51,0.45,47.18,2
814,6431,-11.6,-16.27,-0.1,"50,784",16.98,0.33,-128.24,0
815,6438,9.42,20.65,31.1,"364,265",54.86,0.81,459.28,3
816,6442,-1.52,-2.45,16.88,"9,391",41.19,0.82,-97.38,0
817,6443,-3.29,-7.09,10.57,"-3,100,890",49.27,0.54,-42.14,0
818,6449,7.75,14.38,28.65,"352,538",46.01,0.62,88.12,3
819,6451,6.22,13.65,32.59,"741,399",57.52,0.37,14.35,2
820,6456,5.15,15.83,8.62,"5,479,632",68.68,1.51,10.21,1
821,6464,5.44,15.98,51.51,"1,790,689",64.89,0.22,53.08,2
822,6477,5.19,11.87,21.52,"4,545",54.88,0.43,26.23,2
823,6491,12.23,16.58,50.39,"238,030",28.37,0.68,50.45,2
824,6504,14.59,40.4,29.29,"673,483",60.77,0.92,176.37,3
825,6505,1.33,1.61,3.12,"15,806,281",17.93,1.07,-79.94,0
826,6515,22.63,32.01,40.09,"317,028",26.37,1.23,-4.68,1
827,6525,13.97,18.46,32.09,"594,193",25.27,0.76,2.96,1
828,6531,23.24,31.6,28.9,"25,689",22.1,0.99,307.81,3
829,6533,2.55,3.01,99.8,"193,852",14.79,0.42,119.32,3
830,6541,-55.1,-77.46,47.67,"-1,525,746",40.07,0.0,7.47,1
831,6552,9.42,16.79,14.27,"-252,199",46.75,0.66,-71.71,0
832,6558,2.92,5.26,18.96,"131,498",45.65,0.71,-61.41,0
833,6573,-7.18,-16.35,5.65,"-379,896",54.96,0.52,-80.41,0
834,6579,4.9,5.65,32.73,"422,532",12.58,0.61,-30.54,0
835,6581,8.52,11.67,45.54,"-46,952",29.46,0.34,2.18,1
836,6582,34.3,41.19,50.56,"342,343",18.79,1.04,238.39,3
837,6591,8.86,15.32,33.8,"-214,411",42.36,0.76,83.61,3
838,6592,1.94,12.44,64.32,"2,530,759",85.12,0.1,17.51,2
839,6598,-16.63,-20.0,64.72,"-602,877",11.43,0.31,63.05,2
840,6605,1.83,4.24,24.22,"3,786,189",54.83,0.45,-10.14,1
841,6625,-11.78,-20.97,3.34,"-106,715",41.34,0.71,-2378.18,0
842,6641,12.01,18.43,40.07,"183,019",35.97,0.95,-5.13,1
843,6655,5.24,12.07,50.03,"95,647",56.91,0.38,89.17,3
844,6666,5.6,6.85,61.29,"284,807",20.97,0.4,-79.12,0
845,6668,3.7,6.87,37.38,"-451,984",43.87,0.47,2.41,1
846,6669,16.16,37.17,8.19,"-638,786",55.2,3.63,39.56,2
847,6670,8.79,16.96,22.9,"2,835,265",51.7,1.08,-46.47,0
848,6671,10.56,14.33,40.11,"196,657",26.15,0.85,17.37,2
849,6672,10.23,18.45,29.47,"510,324",44.99,1.11,-20.88,1
850,6674,1.75,2.8,14.17,"99,836",39.58,1.01,344.39,3
851,6698,1.6,2.08,31.4,"-184,003",26.0,0.3,-87.5,0
852,6706,8.74,16.55,33.99,"-293,998",50.72,0.7,8.38,1
853,6715,11.43,17.32,30.39,"232,002",36.51,0.97,79.06,3
854,6743,8.92,19.35,24.91,"-1,028,544",54.45,0.96,407.13,3
855,6754,5.86,13.06,26.44,"-280,618",49.43,0.79,3.66,1
856,6756,14.81,18.25,48.78,"-1,262,880",13.94,0.92,31.16,2
857,6768,-0.13,-0.2,18.57,"1,161,630",33.83,0.79,-60.98,0
858,6776,4.3,13.81,4.12,"131,784",68.11,3.63,54.69,2
859,6781,16.7,30.1,31.98,"24,654",45.72,1.1,49.29,2
860,8011,-1.06,-2.01,13.16,"175,899",44.46,0.21,46.92,2
861,8016,16.02,24.79,34.67,"-464,482",32.84,1.12,11.66,2
862,8021,5.87,7.79,32.63,"-124,088",24.77,0.48,49.88,2
863,8028,2.21,4.84,21.6,"1,116,222",54.64,0.46,-63.55,0
864,8033,1.32,2.31,36.0,"28,204",44.98,0.74,152.76,3
865,8039,6.57,10.09,23.71,"1,098,601",34.29,0.77,26.86,2
866,8046,8.66,11.66,14.94,"-116,554",27.37,0.93,1089.45,3
867,8070,10.19,24.84,14.9,"849,283",61.77,0.79,-3.11,1
868,8072,-0.21,-0.23,13.86,"67,965",10.19,0.49,96.14,3
869,8081,14.01,20.64,37.77,"761,902",33.29,0.99,46.97,2
870,8101,-22.17,-87.11,-2.74,"-188,821",84.11,1.06,-1116.69,0
871,8103,5.57,9.56,32.87,"140,563",42.01,0.71,22.07,2
872,8104,5.53,10.34,25.68,"-5,941",45.28,0.46,290.31,3
873,8105,-9.07,-14.29,2.04,"-297,141",39.48,0.6,-442.65,0
874,8110,1.17,1.74,3.32,"318,989",33.88,0.34,54.43,2
875,8112,4.16,16.76,2.64,"-3,530,314",78.41,3.97,26.13,2
876,8114,-0.56,-2.8,32.51,"928,902",80.98,0.58,-78.18,0
877,8131,10.1,11.68,19.47,"1,086,102",13.18,0.72,11.1,1
878,8150,7.18,12.3,21.87,"2,706,484",40.62,0.66,-8.38,1
879,8163,4.77,10.59,17.26,"835,061",56.41,0.99,-1.66,1
880,8201,-9.82,-15.44,15.69,"28,547",38.22,1.12,27.03,2
881,8210,12.95,25.05,25.6,"813,504",50.85,1.04,6.75,1
882,8213,7.33,17.88,14.65,"-456,107",58.57,0.76,83.86,3
883,8215,3.24,8.19,15.11,"509,359",60.91,1.41,54.23,2
884,8222,-2.62,-4.36,8.22,"-199,758",40.53,0.27,-188.5,0
885,8249,4.15,6.0,13.63,"1,271,583",36.23,0.71,3.62,1
886,8261,8.98,14.86,16.37,"-1,178",41.66,1.25,368.29,3
887,8271,6.22,9.22,15.74,"294,465",30.64,1.72,-22.88,1
888,8341,13.8,32.5,58.84,"885,602",63.85,0.39,0.1,1
889,8367,3.64,10.41,30.23,"352,834",64.75,0.26,30.27,2
890,8374,2.75,4.06,17.44,"25,862",28.61,0.96,218.1,3
891,8404,5.08,14.82,36.58,"-2,180,266",67.86,0.4,37.98,2
892,8411,1.9,3.72,11.16,"496,517",47.47,0.56,211.5,3
893,8422,16.48,20.53,70.21,"1,265,797",19.4,0.38,-0.21,1
894,8427,-1.92,-2.89,28.97,"-760,579",32.79,0.56,-348.49,0
895,8429,-5.06,-5.68,-29.36,"-67,570",9.78,0.05,-846.46,0
896,8442,-4.06,-9.38,14.76,"83,029",53.89,0.92,-172.24,0
897,8443,-7.44,-13.44,45.88,"194,561",44.96,0.54,-249.06,0
898,8454,12.18,30.06,9.4,"1,858,006",60.97,4.15,39.22,2
899,8462,5.71,19.43,30.7,"725,835",70.52,0.51,-14.3,1
900,8463,2.43,5.43,12.07,"107,954",56.1,0.62,48.77,2
901,8464,18.89,31.93,55.84,"3,842,849",43.87,0.98,7.57,1
902,8466,6.41,10.81,27.26,"-904,936",41.07,0.65,-31.01,0
903,8467,2.77,4.79,31.17,"-131,344",43.46,0.44,-82.06,0
904,8473,2.41,5.09,17.15,"900,220",54.78,0.3,-35.93,0
905,8478,-0.27,-0.69,23.7,"319,135",63.41,0.65,104.81,3
906,8480,10.81,17.02,36.08,"320,661",40.17,0.68,13.3,2
907,8481,39.37,51.74,52.14,"198,779",24.23,0.66,265.45,3
908,8482,14.31,19.59,36.01,"845,353",27.56,0.91,-22.89,1
909,8488,1.73,3.7,9.53,"-1,664",52.86,0.52,-47.78,0
910,8499,18.73,27.62,56.05,"-533,201",29.02,0.63,52.23,2
911,8926,5.02,8.97,7.74,"686,451",46.95,0.43,-2.35,1
912,8940,-2.42,-5.84,45.38,"108,841",56.14,0.52,-6103.48,0
913,8996,8.82,14.72,25.45,"-339,222",44.7,0.66,-28.84,0
914,9103,72.97,102.45,42.87,"202,452",20.84,2.17,10596.67,3
915,910322,9.09,22.73,32.99,"4,912,092",59.79,1.14,25.01,2
916,9105,0.07,0.25,4.86,"-859,315",74.92,1.65,-37.15,0
917,910861,6.66,14.18,16.4,"-3,959,596",53.15,0.77,134.64,3
918,9110,-6.38,-11.29,9.64,"-8,050",46.39,0.76,60.79,2
919,911608,5.57,10.35,49.13,"-86,084",41.93,0.62,308.71,3
920,911616,-2.93,-3.93,44.49,"-94,641",24.99,0.06,5.08,1
921,911622,-4.79,-7.44,3.8,"-105,965",37.17,0.91,69.82,2
922,911868,-1.83,-2.57,32.18,"-2,615,116",26.32,0.4,106.18,3
923,912000,1.85,2.46,12.57,"512,685",23.34,0.32,39.84,2
924,912398,-13.19,-46.49,22.45,"-1,263,612",77.06,0.43,-2166.99,0
925,9136,6.26,12.21,14.31,"-1,184,322",50.06,0.64,-29.29,0
926,9188,0.98,1.24,21.29,"151,981",20.8,0.43,-134.61,0
927,9802,5.42,8.83,20.99,"163,288",40.66,0.83,-29.85,0
928,9902,2.36,2.62,4.98,"154,664",9.36,0.31,1.85,1
929,9904,4.83,9.04,21.9,"9,937,077",45.45,0.68,-78.23,0
930,9905,6.62,8.97,15.37,"162,722",26.18,0.73,18.76,2
931,9906,-1.11,-11.77,24.88,"865,759",92.39,0.02,-9.09,1
932,9907,2.93,5.24,11.44,"1,026,817",41.76,0.86,101.5,3
933,9908,6.32,8.88,24.79,"772,014",28.52,0.2,-1.85,1
934,9910,10.2,22.78,23.87,"4,223,768",55.8,1.62,-20.15,1
935,9911,12.95,19.11,36.84,"565,034",32.85,0.92,0.43,1
936,9912,-4.14,-7.0,33.79,"-11,703",39.31,0.74,66.11,2
937,9914,13.19,23.42,13.99,"3,541,791",43.47,0.98,64.42,2
938,9917,10.08,20.13,36.55,"650,394",49.51,0.6,11.96,2
939,9918,6.41,10.83,27.25,"82,784",40.9,0.39,25.12,2
940,9919,13.45,31.38,29.54,"176,951",55.15,0.8,9858.9,3
941,9921,8.72,21.02,23.09,"-612,788",56.86,1.15,43.99,2
942,9924,10.16,15.27,23.96,"617,849",33.88,1.04,-1.25,1
943,9925,7.85,11.95,33.93,"1,072,775",34.52,0.43,9.62,1
944,9926,7.62,15.73,26.92,"404,661",52.19,0.33,15.4,2
945,9927,5.05,6.19,8.07,"455,975",17.95,1.32,-31.28,0
946,9928,-0.41,-3.45,8.85,"771,268",88.19,0.21,80.85,3
947,9929,28.96,84.07,16.1,"578,884",47.23,0.25,337.44,3
948,9930,5.62,12.87,14.15,"843,825",57.79,0.8,-6.64,1
949,9931,4.52,9.72,17.96,"18,442",53.53,0.27,-0.18,1
950,9933,2.11,7.72,6.56,"-313,633",73.11,0.79,-22.05,1
951,9934,0.82,2.42,27.52,"563,309",67.22,1.03,-14.45,1
952,9935,4.43,12.84,20.84,"-50,166",65.51,1.01,43.37,2
953,9937,6.63,16.55,13.31,"81,747",57.29,1.44,5.03,1
954,9938,5.97,14.7,36.71,"-1,111,931",60.77,0.49,6.16,1
955,9939,4.32,9.89,21.22,"117,640",56.19,0.61,18.01,2
956,9940,4.89,13.73,29.56,"5,448,908",63.42,0.41,22.96,2
957,9941,1.51,14.21,49.77,"9,384,134",89.1,0.15,-5.36,1
958,9942,9.01,12.86,32.97,"392,157",30.76,0.67,-5.44,1
959,9943,10.32,15.22,53.3,"905,526",32.81,0.45,-19.26,1
960,9944,1.14,2.0,26.88,"-301,460",42.01,0.46,325.81,3
961,9945,20.81,34.27,20.64,"12,668,665",36.17,0.11,-3.24,1
962,9946,1.7,2.88,29.23,"421,406",39.88,0.13,-88.48,0
963,9955,-4.22,-7.42,-1.13,"78,353",44.85,1.03,-1310.51,0
964,9958,8.53,16.21,29.31,"-2,026,657",45.74,0.45,69.45,2
