ROA,ROE,Operating gross profit margin,cash flow,Debt ratio,Total asset turnover,kMeans_labels,rate
0.236764607,0.169615881,0.328708019,3.901707814,-0.073592603,-0.791617034,4,0
0.146009413,0.118674021,0.219572799,1.331257388,-0.126602802,-0.847591978,4,0
0.087350568,0.067407691,-0.849893214,-0.203389295,-0.358257371,-1.258074899,8,0
0.115019835,0.018088183,-0.148943421,-0.018206536,-1.22709453,-0.922225237,8,0
0.063001614,0.069354513,-0.175561768,-0.142281835,-0.170601267,-0.250525911,9,1
0.96280616,0.3286064,0.37307193,-0.088197705,-1.377643495,-0.119917709,9,0
-0.489276946,-0.210663482,-0.51834692,-0.161829519,-1.688813363,-1.052833439,8,0
-0.158352518,0.058971459,0.219868558,-0.109647049,0.889072608,0.514464988,3,0
0.066321926,0.034960646,0.356805163,-0.080837607,-0.681619584,-0.157234338,9,0
0.542233309,0.366893913,-0.19922252,0.01786021,0.04462014,1.727255437,3,0
-0.74826128,-0.378414702,-0.603525628,-0.136511266,0.640454776,-0.754300405,1,0
0.323092719,0.319196757,-0.173787212,-0.175108826,0.536024684,0.812998021,3,0
0.181426074,0.338016043,0.374846487,8.281237411,0.971768519,0.365198471,7,0
-0.146178041,-0.007220512,0.330186816,-0.121921601,0.179266046,-0.698325461,1,1
0.52673852,0.193951165,-0.062877434,-0.06375743,-1.129555765,0.327881842,9,0
0.209095341,0.220882212,-0.317526283,-0.153631093,0.149580334,1.279455886,3,1
0.143795872,0.020683947,-0.166984745,-0.172845273,-1.451857774,0.309223527,9,0
0.088457339,0.149174243,-0.321075396,-0.051488425,0.33246552,1.111531055,3,0
0.942884288,0.431463532,0.181124076,0.182548942,-0.527890007,1.055556111,9,0
1.387806093,0.477213864,-0.012302576,0.617024762,-1.303959319,-0.996858495,9,0
0.429342702,0.363324738,-0.010528019,-0.354349206,0.461810406,0.663731505,3,0
1.90245445,0.762098916,-0.228206942,-0.05058891,-0.970525168,4.003569818,6,0
-0.364211861,-0.150636449,1.055980399,-0.151508348,-0.372040023,0.085323752,9,0
-0.079771802,-0.060433665,0.203306031,-0.093876739,-1.407859309,-0.586375574,8,0
0.724850468,0.325361696,0.730349293,-0.247943265,-0.907973133,-1.314049843,9,0
-0.686282123,-0.304435441,0.202714512,-0.162952404,-0.178552797,-0.231867596,8,0
2.205709611,0.910706381,0.715561322,-0.143138438,-1.07495526,0.589098246,0,0
-0.250214483,-0.108779762,-0.180885437,1.130497342,-0.773327228,-0.642350517,8,0
-0.1439645,-0.046481436,-0.214897769,4.464386128,-0.328041558,-0.455767371,4,0
0.413847913,0.240350439,-0.025907508,0.665107611,-0.435652261,-0.101259394,9,0
1.072376455,0.422053889,0.079974359,-0.04860208,-1.026715979,0.607756561,9,1
-0.56343058,-0.247328642,0.00958362,-0.230031285,0.184036963,-0.325159169,1,0
0.934030123,0.42270283,-0.057849524,0.153394086,-0.897371093,-0.716983776,9,0
2.257727832,1.095654535,-0.047497945,-0.071678643,-0.739400701,2.007130156,0,1
0.429342702,0.125487901,-0.532247612,-0.127922555,-1.485784301,0.309223527,9,0
0.772441606,0.21925986,-0.089200021,0.494781452,-1.63739347,-0.437109057,9,0
0.746985881,0.505118323,-0.379044239,-0.128888803,-0.088435459,0.812998021,3,1
-0.41290977,-0.176269614,-0.636946441,-1.055738007,-0.676318564,-1.034175124,8,0
4.894055543,1.550562101,-0.137408805,0.108988593,-2.046632205,-0.996858495,0,1
-0.383026962,-0.11526917,-0.024132952,-0.152865534,0.954805255,-1.034175124,1,1
-0.298912392,-0.117864934,-0.055779208,-0.016113977,-0.429291037,-0.455767371,8,0
0.680579642,0.476889394,-0.287063064,-0.095259868,0.029247183,-0.567717259,9,1
0.312025012,0.297781708,0.103930871,-0.193344521,0.404559391,-0.157234338,3,0
-0.317727493,-0.146093863,-0.130014819,-0.188467267,-1.243527692,0.253248583,8,1
6.604016212,2.209237107,1.32926209,-0.182293361,-1.475712363,0.980922853,0,1
-0.275670208,-0.125652225,-0.298597681,2.996621716,-1.037318018,-0.474425686,4,0
-2.415057894,-0.833971209,-2.046240011,-0.336454521,-1.798014372,-1.090150068,8,0
-0.291164998,-0.118838345,0.025258869,-0.062943086,-0.456856341,-0.231867596,8,0
-0.225865529,-0.094503062,0.245599626,-0.162652837,-0.682679788,-0.605033888,8,0
-1.332636188,-0.467644075,-1.813477359,-0.183787767,-2.259733204,-1.146125012,8,0
0.737024945,0.421080477,0.053651772,-0.128383652,-0.136144638,0.980922853,3,0
0.733704633,0.31400523,0.110733337,-0.255282152,-1.010812919,0.290565213,9,0
-0.263495731,-0.058486842,-0.065539269,3.047237011,0.589564985,-0.698325461,4,0
-0.305553016,0.028795708,-0.031822697,-1.002121011,1.619553149,-0.996858495,1,0
0.00655631,-0.034476029,0.433998368,-0.173658801,-1.44549655,-0.791617034,8,0
-1.1511258,-0.678874336,-0.781572791,-0.203518846,0.88960271,-0.28784254,1,0
-0.347610301,-0.148689626,-0.37874848,-0.184347577,-0.840120079,-1.052833439,8,0
-0.944159687,-0.460830196,-16.26191586,-0.591199495,0.244998692,-1.351366472,2,0
-1.924758491,-0.766481356,-0.00520435,-0.1460659,-1.405208799,-0.828933664,8,0
-1.584979899,-1.635737682,-6.123579183,-0.214606064,1.937614342,-1.276733214,10,0
0.066321926,0.033662764,0.21395337,-0.116851979,-0.642922139,-1.052833439,8,0
1.971074231,0.584613582,-2.791849474,-0.100268794,-1.867987835,-1.22075827,9,1
-0.488170175,-0.184056905,1.914569955,-0.134125178,2.026141374,-0.940883551,1,0
-0.306659787,-0.141551277,-0.33379305,0.391437745,-1.196878717,-0.679667147,8,0
-1.292792445,-0.49295277,2.114503313,-0.192704271,-1.461929711,-1.332708158,8,0
-0.319941035,0.000242308,0.252106333,-0.127516443,1.675213858,-1.071491753,1,0
-0.371959256,-0.148365156,1.549898607,-0.08621887,-0.113350252,-1.258074899,1,0
-0.09415982,0.059944871,1.26449078,-0.192013931,1.313154199,-1.202099956,1,1
-1.028274257,-0.375494468,-0.689591616,-0.0314351,-2.01058527,-1.276733214,8,0
-0.292271768,-0.100992471,-0.364552028,-0.096447365,0.045680344,-0.623692203,1,1
-1.886021518,-1.180181175,-0.790445573,-0.197986005,0.763438437,-0.28784254,10,0
-0.438365495,-0.168482324,-0.200701317,-0.154874554,0.642045082,-1.01551681,1,0
-0.54682902,-0.292430034,0.163674271,-0.32642998,2.169799013,-1.164783326,1,0
-0.550149332,-0.236296647,-0.509769897,-0.097593581,-0.592032348,-0.474425686,8,0
-0.738300344,-0.299568384,-0.659719916,-0.180742012,-1.379763903,-0.493084001,8,0
-0.47931601,-0.193791018,0.296766004,-0.437257951,0.90815628,-1.127466697,1,0
-0.251321254,-0.085093419,-0.592286771,-0.211132824,-0.193395652,0.066665437,3,0
-0.669680563,-0.552006391,-0.504150468,-0.620646412,2.001226581,-0.791617034,1,0
-0.426191018,-0.186652669,-0.557091402,-0.243829938,-1.355909314,0.066665437,8,0
0.215735965,0.013870067,-0.299484959,-0.17000494,-1.941672011,-0.474425686,8,0
-0.381920192,-0.178865378,-0.040695479,-0.189103927,-2.152122501,-1.052833439,8,0
-0.128469711,-0.069843308,-0.565372665,-0.194428899,-1.158711374,-0.231867596,8,0
-0.542401937,-0.230780649,-0.610919614,-0.078659714,-0.97105527,0.19727364,8,0
-0.380813421,-0.039343086,-0.121142037,-0.206325893,1.887254653,-1.127466697,1,1
-0.096373361,0.069354513,-0.419267519,-0.136143335,0.590095087,-1.071491753,1,0
-0.760435757,-0.366084825,-0.786009182,-0.179147588,0.311791543,-0.791617034,1,0
-1.353664831,-0.993286198,-0.413056571,-0.270511577,1.417054189,-0.343817484,1,0
-0.3287952,-0.157125858,-0.075890848,-0.16983623,-1.6188399,-1.034175124,8,0
-0.645331609,-0.341749542,-0.215489288,-0.078823366,1.284528692,-0.474425686,1,0
-0.740513885,-0.29632368,-0.374903608,-0.014680594,-1.825579676,-0.97820018,8,0
-0.406269146,-0.15128539,-0.327286343,-0.182908973,0.456509386,0.085323752,1,0
0.5765432,0.596943459,0.1190146,-0.187614254,0.727391502,0.775681392,3,1
-0.199303033,-0.014358862,-0.280852116,-0.205449548,0.578962945,-0.698325461,1,0
-0.062063471,-0.059784724,-0.110494699,-0.179855224,-1.460339405,-0.343817484,8,0
2.544381433,1.295852801,-0.347989502,-0.225034923,-0.562876739,0.066665437,0,1
-3.455422314,-4.093601313,-0.524262108,-0.1892573,2.134812282,-0.97820018,10,0
-1.439992942,-0.635719766,-0.311019576,-0.247206097,-0.545913475,0.701048134,8,0
-0.231399382,-0.060758136,-0.227319664,-0.195463186,0.165483394,0.066665437,3,1
-0.074237948,-0.046156965,-0.088904262,-0.245533518,-1.35749962,-0.082601079,8,0
1.29815767,0.489543741,0.204489069,0.165793784,-0.937658845,0.757023078,9,0
0.760267129,0.424649652,0.017569124,-0.004010745,0.013344123,1.428722403,3,0
0.001022457,0.028471237,-0.097777044,-0.000333062,-0.334932883,-0.194550967,9,0
0.313131783,0.164099884,0.050989937,0.23655459,-0.487602256,-0.511742315,9,0
-2.193703762,-1.605886401,-0.579273357,-0.282679421,0.814328228,-0.716983776,10,0
0.225696901,0.201089515,0.096536886,-0.001972356,0.235456856,-0.101259394,3,0
-1.068118001,-1.988437057,-0.457124723,-0.207281699,2.462945413,-0.418450742,10,0
0.389498958,0.483378803,-0.012006816,-0.522139983,0.947913929,-0.194550967,3,0
0.176998991,0.155663652,-0.120550518,-0.187740052,0.022355857,0.253248583,3,0
0.640735898,0.550868656,-0.130902098,-0.164571628,0.81485833,1.223480943,3,0
0.168144826,0.018412653,-0.500305596,-0.191910486,-1.656477141,1.913838583,9,0
0.055254219,0.013870067,-0.188279422,-0.16545499,-0.796651716,0.010690494,9,1
0.0408662,0.184541522,-0.170829617,-0.167004218,0.741174154,0.477148359,3,0
-0.013365562,0.072274747,-0.22938998,-0.138442131,0.36162113,1.09287274,3,0
-0.399628522,-0.10748188,-0.058441043,-0.145044339,1.341779707,-0.194550967,1,0
-0.346503531,-0.110726584,-0.191828535,-0.199994209,0.583203761,-0.642350517,1,0
0.266647415,0.061242752,-0.384367909,-0.168678266,-1.432774102,-0.97820018,8,0
0.632988503,0.326659577,0.023780072,-0.156729059,-0.345534923,-0.007967821,9,0
0.408314059,0.108615437,0.105409668,-0.166418628,-1.384004719,0.029348808,9,0
-0.763756069,-0.382308348,0.143562631,-0.185247418,0.593805801,-0.157234338,1,0
-0.117402004,-0.028635561,-0.115226849,-0.175706001,-0.593622654,-0.698325461,8,0
0.574329658,0.429841179,-0.183843031,-0.173151039,0.043029834,-0.455767371,9,1
-0.63094359,-0.260956401,-0.27434541,-0.167340333,-1.336825642,-0.661008832,8,0
-0.256855107,-0.012736509,0.099790239,-0.513163108,1.010465964,-0.791617034,1,0
-0.559003497,-0.250897817,0.186151986,-0.346168075,0.659008345,-0.493084001,1,0
-0.26238896,-0.060109195,-0.469842377,-0.146291064,0.571011415,1.204822628,3,0
-0.317727493,-0.06400284,0.022301275,-0.103333802,1.053934327,-0.810275349,1,0
1.002649904,0.382144024,0.044187471,-0.036781119,-0.979536902,1.09287274,9,0
-0.618769113,-0.357648594,-0.274936928,-0.160391242,0.903915464,-0.605033888,1,0
-0.545722249,-0.250248876,-0.363073231,-0.188923796,1.409632761,-0.250525911,1,0
-0.644224838,-0.263552164,-0.231460296,-0.181150245,-1.615659288,-0.996858495,8,0
0.884225443,0.730300813,-0.04513187,-0.189355687,0.53761499,1.484697347,3,0
0.662871311,0.28512736,0.18881382,-0.124912696,-0.452615525,0.458490044,9,0
0.146009413,0.1397646,0.24352931,-0.363190819,0.248709406,-0.250525911,1,0
-0.483743092,-0.20190278,-0.36366475,-0.159942055,0.410920615,-0.325159169,1,0
0.480254152,0.311409466,0.13409833,-0.007211504,0.093389523,0.309223527,3,0
0.237871378,0.22704715,-0.097481285,-0.098117496,0.119894623,-0.586375574,9,0
0.216842735,0.228669503,0.126112826,-0.185108241,0.34306756,-0.101259394,3,1
-0.126256169,-0.015007803,0.003372673,-0.499912028,0.070595138,-0.325159169,1,1
0.908574398,0.614140393,0.820260152,0.098809047,0.026596673,-0.474425686,9,0
-3.220786934,-3.158477487,-0.238262762,-0.235653865,1.889905163,0.066665437,10,0
0.12498077,0.089147211,0.567681619,-0.189678586,-0.287223704,-0.605033888,9,0
0.844381699,0.929201196,0.59252541,-0.253369561,0.956395561,1.036897797,3,1
-0.014472333,0.00835407,-0.27907756,-0.164524801,-0.543262965,-0.847591978,8,0
1.132142071,0.591427462,-0.102804954,-0.065629883,-0.49661399,-0.213209282,9,0
0.281035433,0.187137285,-0.315751726,-0.851843445,-0.148336983,0.103982067,9,0
-0.170526996,-0.063029429,-0.505333506,-0.146048931,-0.498204296,-0.231867596,8,0
-0.008938479,0.167669059,-0.384663668,-0.492705793,0.984490966,0.141298696,3,0
-0.27788375,-0.125652225,0.147407503,-0.182266602,-0.824217019,-0.716983776,8,0
0.963912931,0.302648764,-0.292386733,-0.244416181,-1.666549079,0.066665437,9,1
0.072962549,-0.009491805,-0.014077132,-0.150530679,-1.419521552,0.234590269,8,0
0.672832247,0.343532041,-0.136521526,-0.187100129,-0.244285443,0.551781617,9,0
-0.627623278,-0.28204698,-0.502080152,-0.187954121,0.028186979,0.421173415,3,0
0.034225576,0.046317112,-0.217263844,-0.214326241,-0.227852282,0.589098246,3,0
0.815605662,0.212770451,-0.286175786,-0.170274974,-1.952804153,-0.269184225,9,1
-0.195982721,0.053779932,-0.140366399,-0.241143957,1.106414424,0.533123302,3,0
0.347441673,0.260467606,0.429857736,-0.124704664,0.061583404,-0.082601079,9,0
-0.05984993,0.266632545,0.35325605,0.357670447,1.449390411,-0.007967821,1,0
1.218470182,0.584613582,1.787984929,-0.04850353,-0.32327064,0.048007123,9,0
-0.556789956,-0.246355231,-0.029752381,-0.06446686,0.317622665,-0.73564209,1,0
0.002129227,0.010625363,-0.12469115,-0.133220931,-0.663596116,0.066665437,9,1
-1.023847174,-0.555900037,-0.561823552,-0.420969438,0.586914475,-0.362475798,1,0
-0.168313454,-0.054917667,-0.046314908,-0.240256679,-0.457386443,-0.269184225,8,0
-0.083092114,0.048588405,0.152435413,-0.015129454,0.385475719,0.812998021,3,0
0.049720366,-0.042912261,-0.231460296,-0.16148802,-2.087450058,-0.996858495,8,0
0.700501514,0.347750156,0.043891711,-0.119579077,-0.663596116,0.663731505,9,1
0.111699523,0.226073739,0.041525636,-0.13258835,0.712018544,-0.04528445,3,0
-0.442792578,0.007056188,0.480728354,2.098747074,2.443331639,-1.276733214,4,0
0.397246353,0.171238234,0.675338043,-0.134118325,-0.78445937,-0.194550967,9,0
0.786829625,0.505442793,-0.493798889,-0.123696156,0.168133904,-0.213209282,9,1
-0.11076138,-0.043236731,0.109550299,0.657398509,-0.658295097,-1.108808383,8,0
0.123874,0.093040856,-0.025907508,-0.06241656,-0.196046162,-0.511742315,9,0
-0.426191018,-0.181136671,-0.269613259,-0.184551693,-0.381581858,-0.250525911,8,0
-0.464927991,-0.197360193,-0.481968513,-0.127487401,-0.4992645,1.074214426,3,0
0.449264574,0.11056226,0.140605037,-0.111328601,-1.611418472,0.141298696,9,0
-1.229706517,-0.588671552,-0.320483877,-0.28647556,-0.021642608,0.029348808,1,0
1.031425941,0.432761413,0.707871578,-0.231765376,-0.911683847,0.831656336,9,0
0.337480737,0.138466719,1.234027561,-0.188621293,-1.111532297,-0.586375574,9,0
0.138262018,0.033013823,0.687168419,-0.192119334,-1.091918523,0.514464988,9,0
-0.138430647,-0.038694145,0.023484312,-0.109125255,-0.386882878,0.010690494,9,0
-0.808026896,-0.3839307,0.440800834,-0.22002306,0.184567065,-0.605033888,1,0
-0.201516574,-0.03512497,-0.071158698,-0.172450583,0.328754806,0.122640381,3,0
-0.238040006,0.020359476,0.753418526,0.193180937,1.156774113,0.477148359,3,0
0.02426464,-0.025066386,0.591933891,-0.183430767,-1.422172062,-0.586375574,8,0
-0.427297789,-0.171078087,0.89124241,-0.136748994,0.766088947,-0.175892652,1,0
1.324720166,0.567092178,0.672380449,-0.195384052,-1.303959319,-0.474425686,9,1
1.195227998,0.494735269,0.239388679,-0.215921807,-0.805663449,0.551781617,9,0
-0.21147751,-0.068545426,-0.011119538,-0.194709539,-0.172721675,0.010690494,9,0
0.142689101,0.021657358,0.742771188,-0.182792638,-1.863216917,-0.549058944,8,0
0.214629194,0.070327925,1.531265764,-0.18561535,-1.032547101,-0.884908607,9,0
-0.054316076,-0.066598604,0.620326794,-0.203652965,-1.807026106,-0.866250293,8,0
0.029798494,0.146254009,0.623580147,0.141566925,0.557758866,-0.28784254,1,0
-0.046568682,0.048912875,-0.143915511,-0.212420992,0.14586962,-0.474425686,1,1
-0.984003431,-0.530266871,-0.36396051,-0.192172851,0.577372639,-1.071491753,1,0
-0.974042495,-0.453042905,-0.077073886,-0.103944356,-0.051328319,-0.679667147,1,0
-0.452753514,-0.11526917,-0.250684657,0.181883076,2.174039829,-0.922225237,1,0
-0.759328987,-0.309302497,-0.11463533,-0.182682014,-1.376583291,-0.567717259,8,0
-0.259068648,-0.081199774,0.083819231,-0.201924095,-0.033304852,-0.474425686,1,0
0.138262018,0.065460868,0.297949041,-0.160620648,-0.663066014,0.346540156,9,0
0.891972838,0.759178682,0.348819659,-0.357941555,0.499447647,-1.314049843,9,0
0.010983393,0.132950721,0.140013518,0.456428146,0.576842537,-0.101259394,1,0
-0.604381094,-0.269068162,-0.446181624,-0.277363913,0.14852013,-0.269184225,1,0
3.44639952,1.375023589,-0.32403299,-0.144816075,-1.138567498,-1.01551681,0,0
0.085137027,0.173833997,-0.038329404,0.298024108,0.408270105,-0.231867596,1,1
-0.036607746,0.200765044,-0.1797024,-0.851262424,1.075138407,-0.269184225,1,0
-0.520266524,-0.2236423,-0.501488633,2.303235058,0.211602267,-0.455767371,4,0
0.312025012,0.208876805,-0.186504866,0.5955095,-0.402255836,0.383856786,9,0
-0.802493042,-0.444931144,-0.729814895,-0.481351151,-0.137204842,-0.77295872,8,0
0.103952128,0.19005752,-0.575724244,-0.145693236,0.698765995,-1.052833439,1,0
1.191907686,0.469751044,-0.671254532,-0.192888808,-1.088737911,-0.605033888,9,1
-0.12736294,-0.033827088,-0.436421564,-0.170269916,-0.285633399,0.663731505,3,0
-0.334329053,-0.08574236,-0.221404476,-0.046784939,0.866278223,0.029348808,1,0
0.003235998,0.263712311,-0.499714077,-0.204338574,1.173737376,0.346540156,3,1
-0.253534795,-0.072763542,-0.526628183,-0.171010184,-0.075182909,1.036897797,3,1
0.960592619,0.290318887,-0.226432386,0.149562214,-1.579612353,0.943606224,9,0
-0.042141599,0.018737124,-0.316934764,-0.271036145,-0.072532399,-0.623692203,1,0
0.202454717,0.217313037,-0.357453803,-0.138670722,0.445377244,0.103982067,3,0
-1.019420092,-0.451096082,-0.444702827,-0.218399756,-0.636030813,0.383856786,8,0
-0.432831642,-0.149663038,-0.421929353,-0.621610376,1.148822583,-0.119917709,1,0
-0.357571237,-0.138306572,-0.392944931,-0.177979018,-0.228382384,-0.269184225,8,0
-1.667987698,-1.39433167,-1.338191993,-0.173683928,1.593048049,-0.53040063,10,0
-0.778144088,-0.436819383,-0.197447964,0.996793171,0.90815628,-0.250525911,1,0
0.494642171,0.467804222,-0.396789804,-0.123651287,0.477183363,1.204822628,3,1
-0.225865529,-0.125003284,-0.370171457,-0.191153085,-1.787942434,0.421173415,8,1
-0.389667586,-0.118513875,-0.380818796,-0.218750719,1.128148605,0.421173415,3,0
0.522311437,0.511932202,-0.399451638,-0.356785059,0.745945072,-0.325159169,3,1
-0.070917636,-0.062704958,-0.466589023,-0.183107379,-1.457158794,1.633963864,9,0
-0.130683252,-0.08606683,-0.247135544,-0.190487872,-1.71478836,-0.194550967,8,0
0.897506691,0.414591068,-0.367805382,-0.311905743,-0.742051211,0.514464988,9,0
-0.39520144,-0.139604454,-0.504741987,-0.302630444,0.64416549,0.4025151,3,1
-0.097480132,0.010300892,0.161899714,-0.442810698,-0.11812117,-0.53040063,9,0
0.47693384,0.128083664,0.905734621,-0.053682471,-1.503277667,-0.661008832,9,0
-0.549042561,-0.245381819,-0.376086645,-0.209036023,0.709368034,-0.250525911,1,0
-0.443899349,-0.169455735,-0.442040993,-0.124805988,0.851435367,0.327881842,3,1
-0.152818665,0.072599218,0.067552464,-0.864056649,1.119136872,-0.754300405,1,0
-0.333222283,-0.119811757,0.031469816,-0.116574929,0.161242578,-0.605033888,1,0
-0.533547772,-0.230780649,-0.281739395,0.371430921,0.032427795,0.103982067,1,0
-0.570071204,-0.244083938,-0.031231178,0.301596225,-0.667836932,-0.716983776,8,0
-0.068704095,0.038854292,0.093875051,1.185667808,0.067944628,-0.213209282,4,0
-0.332115512,-0.101641412,0.074946449,0.339230636,0.514820604,-0.007967821,1,0
0.179212533,0.014194538,0.31362429,-0.105614487,-1.931600073,-0.866250293,8,0
2.665019434,0.947371541,0.68687266,0.018482186,-1.247768508,0.794339707,0,0
0.051933907,0.074546041,0.058679682,-0.131969311,-0.075182909,-0.175892652,9,1
1.561569087,0.487921389,0.587793259,-0.139091029,-1.685632751,-0.306500855,9,0
1.008183757,0.56871453,0.068735501,-0.258921655,-0.146216575,-0.250525911,9,1
-0.326581659,0.052806521,0.023188553,-0.267980437,1.763210788,-0.847591978,1,0
0.256686479,0.053455462,-0.173491452,-0.132217482,-1.53349348,-0.269184225,8,1
0.037545888,0.218286448,-0.077073886,0.028404914,0.969648111,0.439831729,3,0
0.19138701,0.484676685,-0.164322911,0.701138951,1.372525622,0.215931954,3,0
-0.98289666,-1.092898625,-0.808191137,-0.092850774,2.191533195,-0.04528445,1,0
0.782402542,0.287723124,-0.002542515,-0.024509014,-0.79771192,-0.53040063,9,0
2.03748047,0.755285037,-0.235305168,1.799546191,-1.233985856,0.607756561,0,0
-0.324368117,-0.142524688,-0.00017644,-0.210737481,-0.647693057,-0.138576023,8,0
-0.116295233,-0.008193923,0.483094429,-0.162826768,0.391306841,-0.511742315,1,0
0.488001547,0.215366214,0.315694605,-0.138345702,-0.610585918,-0.194550967,9,0
-0.604381094,-0.266147928,0.090917457,-0.194087074,-0.13667474,-0.381134113,8,0
-0.122935857,0.049561816,-0.171125377,-0.129640493,0.702476708,-0.063942765,1,0
-0.477102468,-0.202551721,-0.081510277,-0.259837812,-0.858143546,-0.642350517,8,0
-1.397935657,-1.582200058,-1.212198486,-0.073918538,2.156016361,-0.959541866,10,0
0.159290661,0.121594255,-0.292090974,-0.676592878,-0.340764005,2.921387571,6,0
0.00655631,0.150796595,-0.127944504,0.94318776,0.672260895,0.271906898,3,0
0.151543266,0.019386065,0.505572144,-0.194211403,-1.389835841,-0.661008832,8,1
0.433769785,0.249435611,0.008696342,7.10488173,-0.40596655,-0.474425686,7,1
-0.402948834,-0.176918555,0.32338435,-0.192949668,-1.142808314,-0.97820018,8,1
0.120553688,0.121594255,0.269260379,0.849409945,0.090208911,0.271906898,3,0
-0.543508708,-0.256413815,-0.459786557,-0.5727729,1.570253664,1.09287274,3,0
0.319772407,0.347425686,-0.105762548,0.070392338,0.577372639,0.421173415,3,0
-1.010565926,-0.519234876,-0.089495781,-0.211649886,0.529133358,0.066665437,1,0
-0.195982721,-0.060758136,-0.525740905,0.203631659,-0.194455856,-0.642350517,8,0
-0.125149399,0.057024637,-0.476349084,9.887656019,0.777751191,1.503355662,7,0
-1.157766424,-0.937477281,-0.140070639,-0.184965637,1.570253664,-0.381134113,1,0
-0.520266524,-0.221695477,-0.013189854,-0.017649499,-1.22444402,-0.661008832,8,0
-0.325474888,-0.018576977,-0.543486469,1.132959954,1.58774703,3.257237234,6,0
0.383965105,0.414591068,0.521543152,1.379394734,0.891723118,-0.455767371,4,0
-0.095266591,-0.014683332,-0.334680328,-0.129845425,-0.373630329,0.458490044,3,0
-0.805813354,-0.411186218,-0.494686167,-0.617865307,0.122015031,0.346540156,1,0
1.639043033,0.694284593,0.927029298,16.04037605,-0.648753261,-0.362475798,7,0
-0.478209239,-0.198009134,-0.332610013,-0.301980078,0.430004286,0.701048134,3,0
0.24229846,0.156312593,0.287005943,-0.428256276,-0.332812475,0.439831729,9,1
0.472506758,0.313031819,0.352960291,-0.105141153,-0.007329854,-0.175892652,9,0
0.223483359,0.268254897,-0.045723389,-0.090711876,0.907626178,-0.175892652,1,0
0.002129227,-0.007544982,0.226079505,-0.120430948,-0.928117009,-0.362475798,8,0
0.34301459,0.127759194,0.027329185,-0.18314458,-0.992259349,-0.138576023,9,1
-0.047675452,0.014843478,0.187039264,-0.092537012,-0.064580869,-0.362475798,9,0
1.355709744,0.99766446,-0.016147448,0.353338809,0.437955816,2.007130156,3,0
0.15818389,0.334771339,-0.509769897,0.690355215,1.01735729,2.697487796,6,0
1.857076853,1.669318284,1.103006144,-0.266895407,0.970708315,-0.362475798,0,1
-1.062584147,-0.523452992,-0.248910101,-0.13415781,0.115123705,-0.754300405,1,0
-0.067597324,0.009327481,-0.177040565,-0.081911706,-0.108579334,0.15995701,3,0
-0.073131178,0.148849773,-0.229685739,-0.412547315,1.074608305,0.980922853,3,0
-0.184915014,0.048912875,-0.321962674,0.853445443,1.119136872,1.689938808,3,0
-0.163886372,-0.063353899,-0.460969595,0.365745034,-0.552274699,-0.175892652,8,0
-0.525800377,-0.224615711,-0.475461806,0.026040852,-0.705474174,-0.101259394,8,0
-0.16056606,0.145280598,-0.520712995,-0.161700294,1.471654694,3.313212178,6,0
0.509030189,0.344180982,-0.118775962,3.148798983,0.035078305,0.701048134,4,0
-0.468248303,-0.18730161,-0.355087727,-0.172138127,0.857266489,-0.175892652,1,1
-0.466034762,-0.201253839,-0.017922005,-0.096115166,-1.077075668,-0.325159169,8,0
0.506816648,0.294537003,0.793050287,0.006936643,-0.183853817,-0.269184225,9,0
-0.438365495,-0.167184442,-0.006978906,0.420329256,0.662188957,-0.959541866,1,0
7.980838913,2.288407896,0.189996858,-0.21742796,-2.37052452,-1.332708158,0,0
-0.398521752,-0.070167778,0.237614122,-0.188851678,1.741476606,0.048007123,1,0
-0.788105024,-0.315467436,0.27872468,-0.180451746,-1.399377677,-0.53040063,8,0
-1.044875817,-0.582506613,-0.644044667,-0.180137658,0.753366499,-0.250525911,1,0
0.583183824,0.6118691,0.025258869,-0.275750889,0.635683858,0.701048134,3,1
-0.723912326,-0.313520613,-0.481376994,-0.145816914,-0.655114485,-0.063942765,8,0
-1.010565926,-0.859928845,-0.051934336,-0.746043979,1.761620482,-0.828933664,1,0
0.702715055,0.504793852,0.680661713,0.103163039,0.285286443,0.029348808,9,0
-1.401255969,-0.61625154,-0.139183361,-0.136487281,-0.518348172,-0.679667147,8,0
0.012090163,0.047939464,0.122267954,0.061375978,-0.052918625,-0.716983776,1,0
0.625241109,0.342234159,-0.137704564,0.029460086,-0.03542526,2.26834656,3,0
0.77908223,0.570012412,-0.213418972,0.468851502,0.501568055,2.585537909,6,0
0.575436429,0.632310738,0.621214072,1.215980465,0.904445566,0.570439932,3,0
-2.201451156,-1.25610726,-0.117888684,-0.196224176,0.740644052,-0.063942765,10,0
-0.111868151,0.29194124,-0.470138136,0.69078319,1.704369467,1.839205324,3,0
1.049134271,0.59012958,0.121972195,0.078559601,-0.284043093,0.551781617,9,0
0.335267196,0.345803334,-0.090383059,0.599748789,0.608648656,1.055556111,3,0
0.335267196,0.380846142,-0.177336324,-0.252807466,0.886422099,0.738364763,3,1
3.339042766,1.931165934,0.291442334,-0.903190524,-0.135084434,-0.474425686,0,1
0.282142204,0.0738971,-0.122620834,-0.245164118,-1.351668498,-0.996858495,8,1
-0.204836886,0.021008417,-0.320779636,-1.094784264,0.965937397,0.794339707,3,0
0.005449539,0.033987235,0.097128404,-0.007729056,-0.237394118,0.029348808,9,0
1.143209777,0.478836217,0.536626882,0.638044825,-0.796121614,0.607756561,9,0
0.086243797,0.063514045,0.103635111,-0.055914045,-0.396424714,0.514464988,9,0
0.044186512,-0.001380044,-0.287358823,-0.236061445,-1.152880252,-0.026626136,8,1
0.064108384,-0.010465216,0.705209743,-0.117374425,-1.303959319,-0.362475798,8,1
-0.311086869,-0.127599047,-0.243290672,-0.113413492,-0.29146452,-0.213209282,8,0
1.247246219,1.149516629,-0.17437873,0.244847325,0.915047606,1.316772516,3,0
-0.288951456,-0.138955513,0.460025196,-0.172737422,-1.698355198,-0.567717259,8,1
-0.870006053,-0.509825233,-0.262515033,0.031870975,0.922999136,-0.157234338,1,0
-0.126256169,-0.096125414,0.117240044,0.833217371,-2.018006698,-0.661008832,8,0
-0.350930613,-0.119487286,-0.395015247,0.68825515,0.382295107,-0.101259394,1,0
0.297636993,0.082657802,0.362128832,10.85145908,-1.170373618,-0.567717259,7,0
-0.433938413,-0.152258801,-0.192715813,-0.32691082,1.077788916,0.15995701,1,0
0.05636099,0.153067889,-0.406549864,-0.124086604,0.508459381,4.302102852,6,0
-0.554576415,-0.251546758,0.082931953,-0.214733168,0.93201087,-0.661008832,1,0
2.257727832,0.853275112,0.946549419,-0.197404331,-0.886238952,0.701048134,0,1
-0.150605124,-0.005273689,-0.024132952,-0.01531138,0.547686928,0.346540156,3,0
0.333053654,0.226073739,0.45795488,-0.13495388,-0.191275245,-0.549058944,9,0
0.457011968,0.420431536,0.050398418,-0.107304851,0.567300701,1.055556111,3,0
0.155970349,0.06708322,0.78654358,-0.125994137,-0.439362975,-0.082601079,9,0
-3.122284345,-2.639973713,-19.15030222,-0.202809578,1.731404669,-1.295391529,2,0
0.514564043,0.217313037,-0.366918104,-0.161543495,-0.615886937,1.951155212,3,0
0.070749008,0.058322518,-0.20425043,-0.149644869,-0.464807871,-0.623692203,8,0
-0.264602502,-0.072439072,0.320426756,-0.176848628,0.225915021,-0.082601079,1,0
1.133248841,0.464883988,0.712603728,-0.179910209,-0.673137952,-0.231867596,9,0
-1.350344519,-0.969924326,-0.390283097,-0.198594927,1.189640436,0.495806673,1,0
-0.274563438,-0.019550389,-0.182364234,-0.02351307,1.088390956,1.33543083,3,0
-0.212584281,-0.071790131,-0.2693175,-0.209753285,-0.271850747,0.551781617,3,1
0.306491159,0.179674465,0.291738094,-0.105009317,-0.311608396,-0.399792428,9,0
-0.499237882,-0.210014541,-0.403888029,-0.223002407,-0.318499722,-0.940883551,8,0
0.739238487,0.264685722,0.108663021,-0.156031376,-1.016113939,-0.138576023,9,0
-0.283417603,-0.139928924,-0.056962246,-0.180424008,-1.6988853,-0.623692203,8,0
-0.367532173,-0.119162816,-0.272570853,0.452938426,0.999863924,0.794339707,3,0
0.524524979,0.377925908,-0.377565442,-0.277126838,-0.147806881,1.111531055,3,1
0.919642104,0.278962422,0.122859473,0.01771728,-1.526072052,-0.007967821,9,0
-0.400735293,-0.124029873,-0.183251513,-0.202133759,1.093691976,-0.567717259,1,0
-4.616424736,-2.07020361,-1.109274213,-0.248856159,-0.159999227,-0.567717259,10,0
-1.115709139,-0.566283091,-0.218446882,-0.195509688,0.452798672,0.495806673,1,0
0.504603107,0.405181425,0.16899794,-0.272608705,0.369042558,-0.418450742,9,0
-0.028860351,0.024253121,-0.305400147,-0.032332657,-0.183323715,3.630403526,6,0
0.129407853,-0.011438628,-0.00520435,0.22501998,-1.868517937,-0.325159169,8,0
-0.041034828,0.100828147,0.029991019,-0.180436898,0.563059885,1.148847684,3,0
1.108899887,0.465532928,0.656113682,5.340048968,-0.819446101,-0.138576023,4,0
0.853235865,0.386037669,0.602581229,-0.11980212,-0.657234893,-0.213209282,9,0
-0.128469711,-0.030906854,0.147999022,-0.399044312,-0.321150232,-0.567717259,8,0
-0.69734983,-0.331366488,-0.266655665,-0.066257569,0.477183363,0.383856786,1,0
2.212350235,0.99733999,0.738334797,0.06206534,-0.49661399,0.850314651,0,0
0.159290661,0.137493307,-0.04010396,-0.157032868,-0.029064036,0.029348808,9,0
-0.61434203,-0.293078975,-0.321371155,-0.199574718,0.708837932,-0.157234338,1,0
-0.219224905,-0.043885672,0.043891711,-0.26040317,0.26302216,0.029348808,1,1
-0.187128556,-0.041289909,-0.334976088,-0.138976325,0.100810951,0.4025151,3,0
0.002129227,0.19784481,-0.018217764,-0.279502974,0.961166479,0.122640381,3,0
-0.286737915,0.111211201,-0.277598763,-0.191655626,1.898386795,4.246127908,6,1
-0.729446179,-0.377116821,-0.294752809,-0.169207728,0.762908335,-0.791617034,1,0
0.179212533,0.280584774,0.476587722,-0.094145631,0.797895066,-0.194550967,1,0
-0.309980099,-0.118513875,-0.339412479,-0.181737466,-0.184914021,0.738364763,3,0
0.302064076,0.180323406,0.511783092,-0.17925038,-0.235803812,-0.213209282,9,0
0.509030189,0.285776301,0.205080588,-0.297042128,-0.489192562,-0.007967821,9,0
0.331946884,0.183892581,0.142379594,2.52643876,-0.369919615,-0.73564209,4,0
0.017624016,0.017763713,0.18881382,-0.163185236,-0.50721603,-0.231867596,9,0
-0.381920192,-0.130194811,0.015203049,-0.21460998,1.088921058,-0.642350517,1,0
0.42602239,0.196222458,0.067848223,-0.182697188,-0.49661399,-0.157234338,9,0
0.520097896,0.36462262,0.091508976,-0.118008638,0.293237973,0.551781617,3,0
0.324199489,0.377601437,0.046849305,-0.33249163,0.741174154,-0.175892652,3,0
-0.846763869,-0.370627412,0.510600054,-0.190019106,-0.49131297,-0.04528445,8,0
-0.229185841,-0.087689183,-0.019105042,-0.242811478,-0.342354311,-0.474425686,8,0
0.401673435,0.157286004,-0.035667569,-0.187369184,-0.713955805,-0.213209282,9,0
-0.690709206,-0.286914037,-0.542303431,-0.197009804,-1.04049863,0.383856786,8,0
-0.761542528,-0.367707178,-0.276415725,-0.366446891,0.371162966,-0.04528445,1,0
0.081816715,0.048912875,0.017864884,-0.161166753,-0.397484918,-0.231867596,9,0
-0.183808244,-0.076332717,-0.407141383,-0.190834103,-0.573478778,0.365198471,9,1
0.619707255,0.148525302,1.129624491,-0.187954774,-1.969237315,-0.996858495,8,0
0.712675991,0.402261191,0.290555056,-0.544779434,-0.043906892,-0.418450742,9,0
0.406100518,0.18291917,0.138830481,-0.147044222,-0.51516756,0.029348808,9,0
-0.665253481,-0.275233101,0.643987546,-0.166229849,-1.200589431,-0.940883551,8,0
0.003235998,0.040801114,0.773530166,-0.183466336,-0.499794602,-0.306500855,9,0
-0.927558127,-0.469590898,0.043595952,-0.195712335,0.42046245,-0.28784254,1,0
-1.68790957,-0.737927957,0.153618451,-0.378334095,-0.619067549,-1.127466697,8,0
-0.26238896,-0.053619786,0.025258869,-0.043887826,0.64151498,-0.884908607,1,0
0.215735965,0.139115659,-0.152492534,0.002235932,-0.351366045,-0.362475798,9,0
2.554342369,1.776718002,0.501135753,0.592458198,0.479303771,0.010690494,0,1
-0.475995698,-0.200280427,0.265711266,-0.345052533,-0.246405851,-0.996858495,8,1
-0.325474888,-0.125652225,0.579807755,-0.136329177,-0.374690533,-1.052833439,8,0
-0.283417603,-0.07146566,-0.095410969,-0.039326618,0.422582858,-0.940883551,1,0
0.088457339,0.19784481,-0.429323338,0.08825537,0.818569044,-0.418450742,1,0
-0.327688429,-0.105210587,-0.435830045,0.130128254,0.334585928,-0.754300405,1,0
-1.70451113,-1.35799098,-0.959324194,-0.153572517,1.36404399,0.383856786,10,0
0.253366167,0.579097585,0.125521307,0.079746608,1.29990165,-0.455767371,1,1
0.035332347,0.171887175,0.374550727,-0.063044246,0.504218565,-0.884908607,1,0
-0.323261347,-0.103263764,0.274288289,-0.00748888,0.323983889,-0.97820018,1,0
-0.730552949,-0.421569272,-0.225545108,-0.302526998,1.290359814,-1.146125012,1,0
-0.660826398,-0.280424628,0.217206723,-0.69598099,-1.026715979,-1.332708158,8,0
-0.326581659,-0.091258357,0.664690705,0.247968297,0.863627713,-1.183441641,1,0
0.134941706,0.225749269,-0.292090974,-0.151970261,0.663779263,0.178615325,3,0
-0.197089492,-0.052646374,0.084114991,0.37836908,0.167603802,-1.01551681,1,0
-0.324368117,-0.072439072,0.046553546,-0.158437207,1.158364419,-1.090150068,1,1
-0.611021718,-0.306382263,0.297061763,-0.135487748,1.202362884,-1.314049843,1,0
0.063001614,0.138142248,0.322497072,-0.44041384,0.635153756,-0.810275349,1,0
0.194707322,0.392851548,0.62210135,-0.217557348,1.136100135,-0.716983776,1,1
-0.318834264,0.043721348,0.184968948,0.918672267,1.854918432,-1.071491753,1,0
-0.445006119,-0.148365156,-0.562119312,-0.184506987,1.482256734,0.178615325,1,1
-0.036607746,0.309787114,0.671197412,-0.167265278,1.446209799,-1.052833439,1,1
0.298743764,0.504144912,-0.421929353,-0.145446208,1.179568498,1.633963864,3,0
-0.377493109,-0.039992027,0.539584476,-0.193033533,1.762150584,-1.127466697,1,0
0.340801049,0.307840292,0.34822814,0.055774772,0.33776654,-0.77295872,1,0
0.518991125,0.418809184,-0.242699153,-0.086116894,0.394487453,0.980922853,3,0
-0.646438379,-0.336233544,1.018418954,0.363960852,1.140871053,-1.034175124,1,0
0.402780206,0.761125505,0.006330267,1.357924506,1.29460063,-0.138576023,4,1
-0.844550327,-0.352457067,0.011358177,-0.04219893,-1.016113939,-1.01551681,8,0
-0.881073759,-0.485165479,-0.318117802,0.677846524,0.878470569,-1.090150068,1,0
-0.19487595,-0.077630599,-0.222883273,-0.015814574,-0.624898671,-0.97820018,8,0
0.276608351,0.260143136,-0.003725553,0.031153549,0.256660936,-0.28784254,9,0
0.273288039,1.438944267,-0.133563932,1.258214917,1.916410263,0.103982067,3,1
-0.487063404,-0.186003728,-0.381114555,-1.057519578,1.772222522,-0.605033888,1,0
-0.364211861,-0.145444922,-0.420154797,-0.296287011,-0.284573195,-1.108808383,8,0
-0.523586836,-0.226238063,-0.125874188,-0.123379784,0.251890018,-1.052833439,1,0
-0.430618101,-0.131817163,-0.301555275,-0.166867162,1.445149595,-0.884908607,1,0
-0.19376918,0.000891249,0.260387597,0.084748681,0.7003563,-0.791617034,1,0
0.574329658,0.557033594,-0.008457704,0.487137125,0.748065479,0.19727364,3,1
1.029212399,0.685523891,-0.320188118,-0.121084251,0.119894623,1.783230381,3,0
0.099525045,0.052806521,0.062820313,-0.109547683,-0.513047152,-1.052833439,8,0
-0.484849863,-0.186328198,-0.359228359,-0.711426116,1.671503144,-0.866250293,1,0
-0.404055605,-0.132790575,-0.498531039,-0.129154432,0.92670985,0.271906898,1,0
-0.360891549,0.050210757,0.342017193,2.722707106,2.03568321,-1.183441641,4,0
-0.420657165,-0.135710809,-0.446477384,0.503556331,1.223036861,-0.474425686,1,0
0.803431185,0.687146243,-0.161956835,-0.194204877,0.634623654,2.75346274,6,0
-0.852297722,-0.522804051,-0.232939093,-0.321573121,1.200242476,-1.090150068,1,0
0.59314476,0.428218827,-0.13474697,-0.125689839,0.165483394,0.64507319,3,0
-0.620982654,-0.255440403,1.237576674,-0.166727168,-1.643224592,-1.295391529,8,0
-1.002818532,-1.161037419,1.404976498,-0.234913923,2.179340849,-1.164783326,1,0
-0.080878572,-0.07114119,0.04448323,-0.213386914,-1.552577152,-1.052833439,8,0
-0.857831575,-1.055908994,-0.164027151,-0.464159859,2.329889814,-1.108808383,1,0
-0.628730049,-0.258036167,1.507309252,-0.161161042,-1.655947039,-1.314049843,8,0
0.118340147,0.351319331,0.191179896,0.074358329,1.138220543,-0.437109057,1,0
0.214629194,0.039827703,0.510600054,-0.192240563,-1.618309798,-0.642350517,8,1
0.151543266,0.041450055,0.670901652,-0.183978503,-1.163482292,-0.810275349,8,0
-0.007831709,0.097258972,1.11513228,0.179062975,0.3536696,0.290565213,3,0
-0.264602502,0.004460424,0.724434105,0.159548412,1.269685836,0.831656336,3,0
-1.186542461,-0.957269979,-0.16964658,-0.362515327,1.39850062,0.290565213,1,0
-0.6984566,-0.713917144,-0.011711057,-0.056920594,2.360635729,-0.996858495,1,0
-0.22807907,0.056375696,0.076721005,-0.046027702,1.255373083,-0.567717259,1,0
-1.058157065,-0.531889224,1.173988402,-0.180317953,0.270443588,-1.332708158,1,0
-0.07645149,0.254302668,1.988509806,0.417175651,1.530496015,-1.183441641,1,0
-0.344289989,-0.161992915,1.866065412,-0.186968456,-1.70948734,-1.146125012,8,0
-0.3287952,-0.042912261,0.840371792,0.469099836,1.262264409,-0.810275349,1,0
0.599785383,0.27020172,0.750165173,-0.169118152,-0.456326239,-0.698325461,9,0
-0.51251913,-0.247004172,-0.134451211,-7.592940213,2.722695387,-1.071491753,1,0
-0.27788375,-0.101316941,0.121084916,-0.08522521,-0.217780344,-0.007967821,9,0
-0.29559208,0.130030487,0.111029097,0.425409974,1.949806688,0.775681392,3,1
-0.31219364,-0.06432731,1.300573428,-0.188455846,0.903385362,-1.183441641,1,0
-1.192076315,-0.653565641,0.662620389,-0.145254003,0.522242032,0.103982067,1,0
0.049720366,0.518097141,0.364199148,3.699782624,1.7663914,1.036897797,4,0
-0.49702434,-0.211636893,0.538992957,-0.210268063,-0.430881343,-1.332708158,8,0
2.259941373,0.88799345,0.411224894,2.317064549,-1.083436892,-1.314049843,4,0
-0.21147751,-0.025390857,0.573596808,-0.28391913,0.440606326,-1.146125012,1,0
-3.931333697,-1.737945873,-2.073154117,-0.17567239,-0.284043093,-0.605033888,10,0
-0.377493109,-0.131817163,0.266598544,-0.09591415,0.304900217,1.988471841,3,1
-0.471568615,-0.203525132,0.179645279,-0.123337199,-1.054281282,0.794339707,8,0
-0.439472266,-0.189572903,0.092100495,-0.180445872,-0.941369559,-0.549058944,8,0
0.243405231,0.09563662,0.295582966,-0.152468397,-0.830048141,-0.418450742,9,0
-0.350930613,-0.102939294,-0.077665405,-0.197290606,0.642575184,-0.679667147,1,0
0.440410408,0.300053001,0.182898632,0.140802672,0.0870283,0.253248583,9,0
0.52673852,0.243595143,-0.130310579,-0.102716721,-0.410207366,1.074214426,3,0
1.193014457,0.389606844,1.337247594,2.812705262,-1.45344808,-0.716983776,4,0
0.222376589,0.339313925,-0.403000751,-0.022061414,0.865218019,1.652622178,3,0
-1.062584147,-0.507878411,-0.384663668,-0.191367807,0.117774215,0.010690494,1,0
-0.288951456,-0.088662594,-0.374607848,-0.219140187,0.277334914,0.962264538,3,0
1.916842469,0.734843399,0.865511341,-0.091578432,-1.025125673,0.15995701,0,0
1.302584752,0.664757782,-0.230277258,-0.14671545,-0.39801502,0.271906898,9,1
-0.483743092,-0.206445366,-0.464814467,-0.176749589,-0.690101216,-0.101259394,8,1
0.119446917,0.464235047,-0.178815121,-0.428956732,1.433487351,0.589098246,3,0
-0.9662951,-0.606517426,-0.382001833,-0.193513068,1.310503689,0.533123302,1,0
-0.406269146,-0.177891967,-0.093044894,0.032269255,-1.028306285,0.122640381,8,0
-0.104120756,0.029444649,-0.02028808,-0.17774178,0.45491908,0.626414875,3,0
0.606426007,0.244893025,0.421872232,0.009083699,-0.806193551,-0.250525911,9,0
0.722636927,0.622901095,0.114578209,-0.300625013,0.717849666,0.64507319,3,0
-0.415123311,-0.177891967,0.050102659,-0.186326412,-0.831108345,-0.716983776,8,0
0.3087047,0.084929095,1.006292819,-0.183018945,-1.276394015,-0.28784254,9,0
0.440410408,0.200440574,-0.028865103,-0.025749702,-0.553334903,0.570439932,9,0
-0.417336853,-0.175620674,0.50291031,-0.12048055,-0.305777274,-0.661008832,8,1
-0.106334297,0.21212151,-0.504150468,-0.168999369,1.58509652,2.473588021,6,0
0.447051032,0.371112029,-0.32876514,-0.143294095,0.318152767,2.081763414,3,0
1.284876422,0.425947534,0.978787194,-0.059881994,-1.415280736,0.010690494,9,0
0.070749008,-0.007220512,0.168110662,-0.154707802,-1.390365943,-0.623692203,8,0
0.245618772,0.323414873,-0.099551601,-0.096608243,0.864157815,0.589098246,3,0
-0.239146777,0.094663208,-0.48817946,-0.289063644,1.495509284,3.369187122,6,1
2.285397098,0.960350359,0.390817495,0.94874997,-0.739930803,1.484697347,0,0
1.372311304,0.538214308,0.755784602,-0.10876385,-1.195288411,-0.063942765,9,0
0.478040611,0.748795628,-0.553246529,-0.845377641,1.038561369,4.320761166,6,0
0.059681302,0.16864247,-0.211644415,0.136848102,0.647346102,0.048007123,3,0
0.121660458,0.123216608,-0.021471117,-0.165109086,-0.004679344,0.570439932,3,0
2.645097563,0.792923609,0.995053961,-0.121103015,-2.032849553,-1.183441641,0,1
-1.165513819,-0.450447142,0.295582966,-0.15366813,-1.41369043,-0.362475798,8,0
0.769121294,0.39414943,0.24885298,-0.059249086,-0.178552797,0.029348808,9,0
-0.862258658,-1.575061708,-0.053413133,-0.190781238,2.571086219,0.290565213,1,0
0.352975526,0.311409466,-0.04986402,0.566011187,0.36427164,0.066665437,3,0
0.245618772,0.294861474,0.056609366,4.686884805,0.837122614,0.103982067,4,0
-0.840123245,-0.462128078,-0.087129706,-0.189645464,0.909216484,0.831656336,3,0
-0.204836886,0.00900301,0.116944285,-0.236333274,0.783052211,0.309223527,3,0
-0.253534795,0.225749269,-0.563598109,-0.138868475,2.059007698,8.220348918,6,0
-0.282310832,-0.099045648,0.038272283,-0.653989649,-0.04867781,-1.01551681,1,0
-0.309980099,-0.095152003,0.523613468,-0.164928791,0.373813475,-1.01551681,1,0
-0.49591757,-0.189248432,-0.098368563,-0.734321406,2.154956158,-0.847591978,1,0
-0.047675452,0.129057076,-0.368396901,-0.110047613,0.700886402,-0.119917709,1,0
-0.816881061,-0.319036611,-0.91170693,-0.189758209,-2.040801083,-0.866250293,8,0
-0.56343058,-0.253818051,-0.205729227,-0.14288782,0.879000671,-0.101259394,1,0
0.201347946,0.446064702,0.320426756,-0.401249943,1.344960319,-0.810275349,1,0
-0.950800311,-0.484516538,0.302089673,-0.195062622,0.144809416,-0.306500855,1,0
-0.903209172,-0.511447585,-0.296527365,-0.162600136,0.964877193,0.19727364,1,0
-0.445006119,-0.18795055,0.09417081,0.06367869,-0.345534923,-0.567717259,8,1
-1.270657031,-0.585751318,-0.446181624,-0.184963189,-0.370979819,0.085323752,8,0
-0.526907148,-0.224940181,-0.416014165,-0.181330539,-0.658825199,-0.231867596,8,0
0.336373966,0.201413985,-0.131197857,-0.109303591,-0.164240043,0.924947909,3,0
-0.134003564,0.040476644,0.070805817,-0.229858333,0.786762925,-0.082601079,1,0
-0.242467089,-0.130519281,1.341979744,-0.175415898,-1.863747019,-0.97820018,8,0
0.558834869,0.336393691,1.984369174,-0.14058576,-0.018992098,-0.194550967,9,0
0.44373072,0.253978197,0.601989711,-0.226131375,-0.472759401,-0.007967821,9,0
-0.456073826,-0.176918555,-0.654396246,-0.225184869,0.891193016,-0.194550967,1,0
0.054147448,-0.037720734,1.315361398,-0.186333265,-1.966056703,-0.97820018,8,0
0.509030189,0.512905614,0.2290371,0.039177719,0.895963934,-0.399792428,1,0
-0.271243126,-0.116242582,-0.008457704,-0.179723225,-0.712365499,-0.157234338,8,1
-0.147284812,0.175131879,-0.528994258,-0.097297605,1.45734194,5.272335211,6,0
-3.88484933,-1.840478534,-0.582526711,-0.200772821,0.025536469,-0.399792428,10,0
-0.254641566,0.126785782,-0.482264272,0.572480581,1.867110778,2.734804425,6,0
1.023678546,0.28512736,0.755488842,-0.14405688,-1.705776626,-0.175892652,9,1
-0.360891549,-0.131168222,-0.178223603,-0.153631256,0.268853282,-0.810275349,1,0
-0.402948834,-0.168482324,-0.167576264,-0.176948647,-0.252767075,0.663731505,3,0
-0.152818665,-0.029933443,-0.267247184,-0.218184218,-0.029594138,0.15995701,3,0
-1.08361279,-0.581857672,-0.476644843,-0.249574564,0.475062955,-0.959541866,1,0
-2.034328787,-0.820992391,-0.363073231,-0.215967819,-0.946670578,-0.306500855,8,0
-0.179381161,0.125487901,-0.497348002,-0.159059183,1.475365408,3.630403526,6,0
-1.705617901,-1.209707986,-0.5381628,-0.347633927,0.784112415,0.010690494,10,0
0.059681302,0.223802446,-0.045427629,-0.158656498,0.866808325,0.906289594,3,0
-0.409589458,-0.125003284,-0.160182279,-0.183760518,1.155183807,0.19727364,1,0
0.084030256,0.055402284,0.715857082,-0.198888783,-0.879877728,-0.53040063,9,1
0.419381766,0.173833997,0.066073667,-0.248879165,-0.814145081,0.010690494,9,0
-0.147284812,-0.011763098,-0.183251513,0.25989515,0.404029289,0.962264538,3,1
-1.511933035,-2.918044886,-1.259224232,-0.202423862,2.547231629,-1.034175124,10,0
0.972767096,0.480458569,0.64191723,-0.168878466,-0.295705336,-0.101259394,9,0
1.014824381,0.681630246,0.114578209,-0.323478533,0.360560926,0.533123302,3,0
0.530058832,0.149174243,0.390225976,-0.152862597,-1.317211869,-0.04528445,9,0
-0.229185841,-0.089636005,-0.040399719,-0.238328914,-0.526829803,-0.213209282,8,1
-0.27788375,-0.134088456,0.237318363,-0.182454076,-1.719559278,-1.314049843,8,0
-0.505878506,-0.215855009,-0.437308842,-0.190291098,-0.121831884,0.924947909,3,0
0.523418208,0.404856955,0.24382507,-0.026227442,0.463930814,1.447380718,3,0
0.272181268,0.105370733,0.036201967,-0.083506783,-0.804603245,0.085323752,9,0
-0.027753581,0.009976422,0.352960291,-0.142571775,-0.333342577,0.850314651,3,0
-0.415123311,-0.17334938,-0.382297593,-2.012739805,-0.413387978,-0.007967821,8,0
-3.215253081,-1.737296932,-1.337304715,-0.249653045,0.107172175,-1.052833439,10,0
0.134941706,0.032689353,0.073467652,-0.188417013,-1.105171073,-0.231867596,8,0
-0.946373228,-0.444931144,-0.10487527,-0.259357462,-0.153107901,-0.101259394,8,0
0.808965038,0.399989898,-0.007274666,-0.073732859,-0.402255836,1.689938808,3,0
-0.69734983,-0.302164148,0.322497072,-0.200909877,-0.428760935,-0.754300405,8,0
0.185853157,0.231914207,-0.317822042,-0.162144423,0.477183363,1.466039032,3,0
0.626347879,0.205956571,-0.046314908,-0.221441758,-0.977416494,0.924947909,9,0
0.121660458,-0.009167335,-0.04513187,0.073570418,-1.764087845,-0.381134113,8,0
1.282662881,0.47364469,0.541950551,0.052269715,-1.076015464,0.458490044,9,0
-0.997284678,-0.564011798,-0.034188772,-0.183452468,0.957455765,-0.418450742,1,0
-1.474302833,-1.613998162,-0.408915939,-0.207384329,2.058477596,-0.661008832,10,0
-1.240774224,-0.617224951,-0.22938998,-0.258816252,0.214782879,-0.325159169,1,0
0.278821892,0.138466719,0.091508976,-9.04E-05,-0.449965015,0.794339707,9,1
-0.167206684,-0.003651337,-0.055779208,-0.183085189,0.432124694,0.327881842,3,0
1.160918108,1.475609428,0.552006371,-0.240112444,1.021598106,0.439831729,3,1
1.636829492,0.696231416,1.231069967,-0.223221861,-0.822096611,-0.026626136,9,0
-2.306594369,-1.367725093,-0.863793906,-0.554989002,0.451208366,-0.77295872,10,0
0.300957305,0.148200832,0.559400356,-0.082603189,-0.243755341,0.234590269,9,0
-0.072024407,-0.06432731,0.309483658,-0.183164486,-1.461929711,0.365198471,8,1
-0.235826465,-0.10748188,-0.07500357,-0.169286535,-0.832698651,-0.362475798,8,0
0.237871378,0.249760082,-0.066130788,-0.216794726,0.152230844,-0.194550967,9,0
0.115019835,0.209201276,-0.200701317,0.014283199,0.703536912,0.962264538,3,0
-0.135110335,0.024253121,0.029991019,-0.152623075,0.554578254,0.178615325,3,0
-1.628143954,-0.741821602,-0.633693088,-0.213392951,-0.272910951,-0.04528445,8,0
-0.027753581,0.11023779,0.55733004,-0.120978848,0.619780798,0.271906898,3,0
-0.335435824,-0.161343974,-0.053708893,-0.153603192,-1.855265387,-1.01551681,8,0
0.273288039,0.216664096,0.469193737,-0.180281894,-0.002028835,-0.586375574,9,1
0.558834869,0.230616325,0.219572799,-0.442237018,-0.423990018,0.048007123,9,0
0.473613528,0.357159799,0.320426756,-0.130660422,0.642575184,0.495806673,3,0
0.538912997,0.344829922,0.106001187,0.209751232,-0.193925754,0.439831729,9,0
1.729798227,0.680332364,0.919635313,-0.177111483,-0.720317029,0.607756561,9,1
-0.442792578,-0.172375969,-0.517755401,-0.421562044,0.571541517,1.186164313,3,1
0.501282795,0.361053445,0.303864229,0.029751984,0.162832884,-0.250525911,9,0
-2.016620456,-0.794061344,-0.711773571,0.361110403,-1.069124138,-0.754300405,8,0
-1.930292345,-0.786274053,-0.753179888,-0.184932025,-0.931297621,-1.183441641,8,0
-0.056529618,0.203685278,-0.282330914,-0.18374665,1.267035326,1.932496897,3,1
-0.336542595,-0.11526917,-0.269909018,-0.189015004,0.378054291,0.551781617,3,0
-0.281204062,0.021657358,-0.531656093,-0.087503449,1.409102659,3.555770268,6,0
-0.249107713,-0.02798662,-0.19449037,0.439074834,0.779341497,-0.73564209,1,1
0.07406932,0.168318,0.124929789,-0.215214661,0.656887937,1.018239482,3,1
0.134941706,0.145605068,0.703435187,-0.244253671,0.1405686,-0.138576023,9,0
0.264433874,0.092716386,-0.311019576,0.247576544,-1.060112404,0.010690494,9,0
0.233444295,0.180323406,-0.120846278,-0.090556219,0.121484929,0.327881842,3,0
0.076282861,0.218286448,-0.159886519,2.431101437,0.775100681,0.215931954,4,0
-0.398521752,-0.128896929,-0.272570853,-0.551658529,1.00410474,-0.716983776,1,1
0.002129227,0.010949833,-0.064651991,-0.174461561,-0.721377233,-0.455767371,8,0
-0.065383783,-0.026364268,0.607609139,-0.163799054,-0.76060478,-0.119917709,9,0
-0.806920125,-0.310600379,0.822330468,-0.212766733,-2.081618936,-1.258074899,8,0
0.279928663,0.077141804,0.758150677,-0.056767711,-0.949321088,-0.194550967,9,0
-0.29559208,-0.150636449,0.739813594,-0.189544793,-2.054583735,-0.679667147,8,1
0.831100451,0.547948422,1.873163638,-0.044068936,0.297478789,-0.474425686,9,0
-0.7814644,-0.479325011,0.370114336,-0.275461438,1.350261339,-0.325159169,1,0
1.200761852,0.503820441,0.342312952,-0.437566818,-1.242467488,-0.884908607,9,1
-0.48042278,-0.208067718,0.026441906,-0.172592208,-1.887071506,-0.175892652,8,1
0.02426464,0.026848885,0.006034507,-0.207387102,-0.731979273,-0.194550967,9,0
-0.155032206,-0.008518394,0.318060681,-0.500616401,0.149050232,-0.940883551,1,0
-0.067597324,0.209525746,1.600769225,-0.055465511,1.341779707,-0.605033888,1,0
-0.321047805,-0.039667556,-0.156041647,-0.456787035,1.130799115,-0.53040063,1,1
-0.665253481,-0.310275909,-0.118184443,-0.110528779,0.284756341,0.066665437,1,0
-0.803599813,-0.351483655,-0.529881536,-0.184448248,-0.423459916,-0.903566922,8,0
-0.065383783,-0.017279096,-0.331426975,-0.061045179,-0.453675729,0.495806673,9,0
0.441517179,0.253978197,-0.001655237,-0.116893585,-0.281922685,1.148847684,3,0
-0.7814644,-0.447202437,-0.222291754,-0.007509765,1.096342486,-0.474425686,1,0
-0.037714517,0.175131879,-0.291203696,-0.065601166,1.052344021,-0.063942765,1,0
0.294316681,0.211148099,0.37809984,-0.083805044,-0.003089039,-0.007967821,9,0
-0.333222283,-0.120136227,0.003668432,-0.21911555,0.253480324,-0.474425686,1,1
-0.451646743,-0.18762608,0.026737666,-0.197912419,0.024476265,-0.175892652,1,0
0.265540644,0.299079589,0.155097248,-0.089871263,0.256130834,-0.231867596,9,0
0.045293283,-0.001380044,-0.032709975,-0.168057758,-1.127435357,-0.157234338,8,0
-0.041034828,0.00900301,0.371593133,-0.286015442,-0.113350252,-0.661008832,9,1
0.231230754,0.09563662,0.288188981,-0.16518773,-0.634440507,-0.101259394,9,0
-0.058743159,-0.014683332,0.428378939,-0.150637061,-0.245345647,-0.418450742,9,0
-1.078078937,-0.685363745,0.038272283,-0.199894517,1.056584837,-0.922225237,1,0
-0.095266591,0.00154019,0.162491233,-0.110252871,-0.0460273,-0.866250293,1,0
-0.271243126,-0.055566608,-0.017922005,-0.22792812,0.680212425,-0.063942765,1,0
0.808965038,0.324063814,0.310666696,-0.161321921,-0.714485907,0.234590269,9,0
-0.34539676,-0.161992915,0.243233551,-0.155313298,-1.751895499,-1.052833439,8,0
-0.184915014,-0.069194367,0.369522817,-0.186664158,-0.557045617,-0.511742315,8,1
0.151543266,0.078764156,0.047440824,-0.156852573,-0.579840002,-0.04528445,9,0
-0.21147751,-0.007869453,0.016090327,-0.183474331,0.685513445,0.626414875,3,0
0.417168225,0.135870955,-0.055483449,-0.148512521,-1.193168003,0.812998021,9,0
-0.36199832,-0.124354343,0.684506585,-0.176684324,0.457039488,-0.642350517,1,0
-0.252428024,-0.084120008,-0.377269683,-0.171811149,-0.01157067,0.048007123,3,0
-0.140644188,0.002838072,0.265415506,-0.202384214,0.18032625,-0.77295872,1,1
0.298743764,0.109913319,0.023484312,-0.236905811,-0.829518039,0.122640381,9,0
1.53389982,0.926929903,0.347636621,-0.237609531,0.162302782,0.19727364,9,0
-0.380813421,-0.147067274,-0.145690068,-0.218562429,0.301719605,-0.194550967,1,0
0.247832314,0.167669059,0.187630783,-0.052443252,-0.163179839,0.178615325,9,0
-0.383026962,-0.149987508,0.0293995,-0.229697944,-0.072532399,0.346540156,3,1
0.088457339,0.170913763,0.321314034,2.570103169,0.818569044,-0.381134113,4,0
0.303170847,0.221855623,-0.307174704,0.184124765,0.238107366,0.868972965,3,1
0.324199489,0.458070108,0.048623862,-0.205337618,0.754426703,0.271906898,3,0
-0.081985343,0.202062926,-0.291795215,-0.245233952,1.167376153,1.186164313,3,0
-1.043769046,-0.566607561,-0.067905344,0.032955516,0.795244556,-0.231867596,1,0
-0.215904593,-0.019874859,0.459433677,-0.194654716,1.015236882,0.421173415,3,0
0.118340147,0.112184612,-0.016738967,-0.222113008,0.24446859,0.271906898,3,0
-0.04435514,0.112509083,-0.097185525,-0.291011641,0.751246091,-0.101259394,1,0
-0.593313388,-0.273610748,-0.339412479,-0.211202821,0.5137604,-0.343817484,1,0
0.745879111,0.392851548,-0.017034726,-0.091430933,-0.182793613,0.533123302,9,1
-0.198196262,0.0738971,-0.538754319,2.184073235,1.363513888,2.809437684,6,0
0.307597929,0.111535671,0.053060253,-0.096843034,-0.97105527,-0.007967821,9,0
-0.545722249,-0.237594529,0.092692013,-0.122095206,0.07112524,-0.549058944,1,0
0.631881733,0.235158912,0.365677945,-0.149437327,-0.990669043,0.589098246,9,0
-0.440579037,-0.18795055,-0.204841949,-0.185598544,-0.796651716,-0.437109057,8,0
0.366256774,0.206605512,-0.044540351,0.923646113,-0.140385454,0.178615325,9,0
-0.537974855,-0.230131708,-0.547331341,-0.212761349,-0.595743062,-0.119917709,8,0
0.589824448,0.265010193,0.003964192,-0.462833511,-0.684800196,1.316772516,9,0
-0.011152021,0.138791189,-0.392944931,-0.372090029,0.794184352,3.163945661,6,1
2.658378811,1.362044772,0.406196984,-0.176642554,-0.259658401,1.951155212,0,1
-0.779250859,-0.330068606,-0.524557867,-0.180777255,-0.733569579,-0.250525911,8,0
1.352389432,0.478511746,0.038568042,-0.200731867,-1.399907779,0.64507319,9,0
-0.335435824,-0.155503506,-0.448843459,-0.178789773,-1.446556754,0.719706448,8,0
1.54939461,0.671571662,0.927916576,-0.162471074,-0.770676718,1.186164313,9,0
0.639629127,0.189733049,0.34320023,-0.167259731,-1.342126662,-0.026626136,9,0
0.34301459,0.082333331,-0.048385223,-0.0805679,-1.543035316,-0.138576023,8,0
-0.240253547,-0.112673407,1.979045505,-0.036292611,-1.036787916,-0.77295872,8,0
2.062936196,0.811093954,0.491375693,-0.210849248,-0.912744051,0.775681392,0,1
-1.804120489,-1.673051783,-0.472799971,-0.201474256,1.925952098,1.503355662,10,0
1.148743631,0.503495971,0.415957044,-0.133486886,-0.630729793,0.551781617,9,0
-0.080878572,-0.017928037,-0.128240263,-0.109982348,-0.307897682,0.626414875,3,0
0.129407853,0.2484622,0.119606119,-0.210974067,0.682332833,0.607756561,3,1
4.535461849,1.479178603,0.898932154,0.110700005,-1.859506203,0.010690494,0,1
1.367884221,0.582017819,0.51267037,-0.039407383,-0.761134882,0.682389819,9,0
-0.426191018,-0.174647262,0.291146575,-0.186439157,-0.113880354,-0.642350517,1,0
-0.207050427,-0.024417446,-0.217559604,-0.185328673,0.590095087,0.19727364,3,0
0.290996369,0.165073295,-0.067609585,-0.119052225,-0.178552797,0.383856786,9,0
-0.239146777,0.074546041,-0.197743723,-0.133318013,1.566012848,1.018239482,3,0
0.697181202,0.504793852,-0.291499455,0.020310748,0.287936953,1.932496897,3,0
0.02426464,0.086875918,-0.022654155,-0.143554339,0.134737479,-0.175892652,1,0
2.635136627,0.947696012,0.613524327,-0.145898658,-1.152880252,0.943606224,0,1
-1.152232571,-0.461803607,-0.076482367,-0.194303264,-1.012933327,-0.567717259,8,0
-0.119615545,0.012572185,-0.419267519,-0.088617849,0.331405316,0.085323752,3,0
0.051933907,0.125487901,-0.034484531,-0.246219453,0.411450717,-0.642350517,1,0
0.793470249,0.457096697,0.137943202,-0.164999767,-0.645042547,0.141298696,9,1
0.080709944,0.153392359,0.147111744,1.307473679,0.491496117,-0.791617034,4,0
-0.474888927,-0.186003728,0.041229877,-0.310201347,1.420234801,-1.22075827,1,0
-0.509198818,-0.217477361,0.186447745,0.02704887,0.831821594,-1.01551681,1,0
-0.322154576,-0.110077643,-0.180293918,-0.180103394,0.08437779,-0.866250293,1,1
0.379538022,0.247164318,0.312737011,0.235327119,0.037728815,-0.810275349,9,0
0.232337524,0.21925986,-0.232939093,-0.220057161,0.404029289,0.757023078,3,0
0.908574398,0.754311626,0.015203049,-0.430701755,0.430004286,0.271906898,3,0
0.016517246,0.106344144,0.991800608,0.003405317,0.447497652,-1.108808383,1,0
-1.138951323,-1.24150609,-1.159553312,-0.370061593,2.04893576,-1.127466697,10,0
-0.498131111,-0.210339011,0.141788075,-0.194990178,0.356850212,-0.97820018,1,0
-0.157245748,0.429192238,1.480395147,0.258679263,2.011298519,-1.146125012,1,0
-0.029967122,0.234509971,0.902185508,-0.185793034,1.059235347,1.316772516,3,1
-0.493704028,-0.204174073,1.342571263,-0.037717509,1.050753715,-0.996858495,1,0
-0.217011363,0.121918726,1.828208208,-0.013673718,1.647118452,-1.22075827,1,0
-0.36310509,0.111211201,0.982632066,-0.301612636,2.175100033,-1.239416585,1,0
-0.577818598,-0.271663926,-0.292090974,-0.160431706,1.019477698,0.253248583,1,0
0.286569287,0.191030931,-0.288541861,-0.045360857,-0.053448727,1.801888695,3,0
0.084030256,0.077141804,-0.004021312,-0.031701055,-0.140915556,0.066665437,9,0
0.454798427,0.112833553,0.088551382,-0.375813724,-1.632622552,-0.623692203,8,1
-0.845657098,-0.45693655,-0.083580593,-0.2398708,0.904975668,0.066665437,1,0
-1.135631011,-0.564660739,-0.714731165,-0.304171677,0.238637468,-0.007967821,1,0
-0.489276946,-0.205796425,0.469785256,-0.063822858,0.33246552,-0.175892652,1,0
0.575436429,0.133599662,0.740109353,-0.191602924,-1.890252118,-1.127466697,8,0
-0.728339408,-0.307680145,-0.182659994,-0.172562512,-0.562346637,-0.455767371,8,0
0.288782828,0.027822296,-0.153971331,-0.170521349,-2.153712807,-0.903566922,8,0
-0.47931601,-0.195737841,-0.472208452,-0.138313396,0.796834862,-0.437109057,1,0
0.289889599,0.232238678,-0.040991238,-0.236599392,0.144279314,0.010690494,3,0
-1.293899215,-0.724949139,-0.576020004,-0.277143154,0.671200691,-0.04528445,1,0
-0.386347274,-0.125327754,-0.119367481,-0.198491646,0.760257825,0.253248583,1,0
-0.270136355,-0.073088012,-0.299484959,-0.134245592,0.318682869,-0.399792428,1,0
-0.188235326,-0.062056017,0.107184224,-0.176702108,-0.036485464,-0.866250293,1,0
-0.492597258,-0.20969007,0.100677517,-0.188804524,-0.559166025,-0.549058944,8,0
0.348548444,0.216015155,0.020230959,-0.166918558,0.514820604,0.589098246,3,1
-0.269029584,-0.08574236,0.52745834,-0.156041166,0.166013496,0.738364763,3,0
0.489108318,0.17578082,-0.01496441,-0.159595009,-1.041028732,-0.119917709,9,1
-0.329901971,-0.095476473,-0.588441899,-0.19174047,0.804786392,-0.063942765,1,0
0.667298394,0.428543298,-0.080622999,0.88073682,0.117774215,0.607756561,3,0
-0.47931601,-0.170753617,0.171659775,-0.193695484,1.972070971,-1.202099956,1,0
0.600892154,0.228345032,0.536331122,-0.144059817,-0.821566509,-0.175892652,9,0
0.205775029,0.166046706,0.844512424,-0.18063204,-0.109109436,-0.866250293,9,0
0.129407853,0.279935833,-0.419859037,-0.268536985,1.02795933,3.163945661,6,0
-0.16167283,-0.010789687,-0.072341735,-0.113796924,0.272033894,0.010690494,3,0
0.54444685,0.269552779,0.300019357,-0.05904807,-0.544323169,0.048007123,9,0
-0.02664681,0.245217495,-0.278486041,-0.333495569,1.238939921,0.999581167,3,0
0.285462516,0.122567667,0.141196556,-0.134997281,-0.527359905,0.122640381,9,0
0.486894776,0.19070646,0.000415079,-0.155549721,-0.714485907,0.551781617,9,0
2.023092452,0.784811848,0.740405113,-0.03143461,-0.935538437,0.458490044,0,0
0.061894843,0.013870067,0.372184652,-0.237371803,-0.675788462,-0.343817484,9,0
0.640735898,0.193302224,0.386381104,-0.064007721,-1.464580221,0.103982067,9,0
-1.089146643,-0.463101489,-0.522783311,-0.215978098,-0.550684393,-0.119917709,8,0
0.753626505,0.597916871,-0.067609585,-0.512530527,0.140038498,0.570439932,3,0
0.194707322,0.114131435,0.07938284,-0.001552376,-0.379991552,0.682389819,9,0
-0.636477443,-0.283993803,0.082044675,-0.180375386,-0.099037498,0.103982067,1,0
0.185853157,0.009976422,0.799261234,-0.170676354,-1.878059773,-0.418450742,8,0
0.897506691,0.382468494,0.828541416,-0.134145247,-0.553334903,-0.325159169,9,0
-4.13719304,-2.00530952,-0.061990156,-0.194685227,-0.695932338,0.757023078,10,0
-0.725019096,-0.33298884,0.325454666,-0.215849526,0.310201237,-0.716983776,1,0
0.563261952,0.375654615,-0.000767959,-0.148570444,0.219553797,0.775681392,3,0
1.178626439,0.7864342,0.065482148,-0.204594902,0.078546668,-0.455767371,9,1
0.316452095,0.243595143,-0.05991984,-0.309172118,0.057342588,-0.026626136,9,0
-1.288365362,-0.639288941,0.03442741,-0.192468175,0.230685938,0.010690494,1,0
0.097311504,0.308164762,-0.242107634,-0.294210442,0.841363429,0.421173415,3,1
0.330840113,0.254302668,0.215432167,-0.163865787,0.2471191,-0.493084001,9,0
0.35850938,0.196546928,-0.036554847,-0.068270178,-0.263369115,0.085323752,9,0
0.296530223,0.067407691,0.197982362,0.01989142,-1.515470012,-0.343817484,8,0
1.848222688,0.847434644,1.097386716,-0.050196178,-0.527890007,-0.082601079,0,0
-0.021112957,0.171238234,-0.285584267,-0.248904782,1.023188412,0.812998021,3,0
0.282142204,0.509336439,-0.096002488,-0.023934193,1.217205739,3.23857892,6,0
0.103952128,0.214717273,-0.145690068,-0.22706238,0.812737922,0.234590269,3,0
-0.889927924,-0.368680589,-0.321962674,-0.106149497,-0.59521296,-0.325159169,8,0
-0.041034828,0.084280154,-0.315455967,-0.200475212,0.559349171,1.876521954,3,0
-0.202623345,-0.02733768,-0.030639659,-0.171006431,0.410390513,0.029348808,1,0
-3.68452384,-25.62383778,-4.330389904,-0.210857406,2.829245887,-0.77295872,5,0
-0.096373361,-0.066274133,-0.325807546,-0.135741466,-1.749244989,-0.996858495,8,1
1.687740942,1.185208378,0.226966784,0.112541293,0.530723664,0.943606224,3,0
0.499069253,0.559953828,-0.098960082,0.023381793,0.89755424,1.428722403,3,0
-0.124042628,0.134897544,0.045666268,0.432104042,1.168966459,0.365198471,3,0
1.196334769,0.327308518,0.778558076,-0.200742146,-1.9920317,0.066665437,9,0
0.521204667,0.238079146,-0.022062636,-0.22395446,-0.632850201,0.906289594,9,0
0.433769785,0.105695203,0.929986892,-0.179982817,-1.839362327,-0.511742315,8,0
-1.793052783,-0.745390777,-0.646410742,-0.184050295,-1.496386341,-0.73564209,8,0
0.533379144,0.452554111,0.276358604,-0.132901948,0.511639993,0.15995701,3,1
-0.677427958,-0.29697262,-0.144211271,-0.190804081,-0.213009426,0.178615325,8,0
-0.873326365,-0.447526908,-0.330835456,-0.698285334,0.215312981,-0.343817484,1,0
0.348548444,0.249111141,0.20389755,-0.134815355,0.042499733,-0.194550967,9,0
0.179212533,0.225424798,0.320426756,-0.071367819,0.652647122,-0.661008832,1,0
0.060788072,0.296159355,-0.38850854,0.701734168,1.244240941,1.466039032,3,0
0.092884421,0.301026412,0.880003552,0.099836971,1.043332287,-0.940883551,1,0
0.065215155,0.167669059,-0.006978906,-0.191594766,0.512700196,-0.549058944,1,0
0.844381699,0.320494639,0.846878499,-0.153498768,-0.892600176,-0.082601079,9,0
1.105579575,1.093383242,0.222826152,-0.082449164,0.824930268,0.365198471,3,1
-0.36199832,-0.165237619,-0.551176214,2.386656133,-1.446026652,0.64507319,4,0
1.995423185,0.821152538,0.542246311,-0.140609256,-0.998620573,0.943606224,0,0
1.036959794,0.381495083,0.305638786,-0.095386319,-1.056931792,0.066665437,9,0
2.062936196,0.807849249,0.211291535,-0.188144858,-1.224974122,0.495806673,0,1
-0.226972299,-0.119811757,2.308225724,-0.160706961,-1.612478676,-0.567717259,8,0
-6.607505152,-2.730825438,0.76643194,-0.441280886,-0.272380849,-1.351366472,10,0
0.533379144,0.327308518,-0.221404476,-0.233485762,0.08172728,-0.119917709,9,0
-0.186021785,-0.046805906,-0.082693314,-0.170880796,0.023416061,-0.026626136,3,0
-1.303860151,-0.747986541,-0.476349084,-0.254321125,0.516941012,-0.381134113,1,0
0.033118806,-0.034151559,0.324567388,-0.123394958,-1.729631216,-0.213209282,8,0
0.433769785,0.16117965,0.703435187,-0.199997146,-0.834819059,-0.716983776,9,0
3.287024545,1.119016407,0.851906409,-0.136478797,-1.400437881,0.589098246,0,1
0.471399987,0.279611363,0.356213644,-0.227320177,-0.150987493,0.066665437,9,0
-0.29448531,0.186163874,1.258871351,0.220588649,2.11572861,-1.164783326,1,0
-2.349758425,-0.866418254,1.270701728,-0.290703264,-1.790592944,-0.77295872,8,0
-0.306659787,-0.079901892,0.072876133,0.425427759,0.510049687,-0.511742315,1,0
-1.812974655,-0.897891887,-0.544669507,-0.209748227,-0.205057896,-0.026626136,10,0
0.820032745,0.380521671,0.541654792,-0.162474501,-0.489722664,0.421173415,9,0
0.070749008,0.174158468,0.83623116,-0.176730335,0.6203109,-0.642350517,1,0
0.110592752,0.004784895,1.169256251,-0.145866515,-1.284875647,-0.605033888,8,0
-0.099693673,0.005433836,0.462095511,-0.266083184,-0.070942093,-0.474425686,9,0
1.279342569,0.988579288,-0.401226195,-0.296562267,0.52966346,5.421601728,6,0
0.463652592,0.332824516,0.033835892,0.270272612,0.344127764,0.663731505,3,0
0.659550999,0.247488789,0.542837829,-0.16024929,-1.010282817,0.234590269,9,0
0.623027567,0.381170612,0.228149821,-0.109070595,-0.01157067,0.719706448,3,0
-0.315513952,-0.126625636,-0.22436207,-0.176046848,-0.298355846,0.533123302,3,1
-0.332115512,-0.149987508,0.285231387,-0.222358731,-1.018234347,-0.791617034,8,0
0.458118739,0.319521228,0.361833073,-0.240305791,0.292177769,-0.04528445,9,0
0.755840047,0.344505452,0.255359687,-0.154482311,-0.461097157,0.458490044,9,0
0.478040611,0.410372953,0.093283532,-0.36015616,0.489905811,0.439831729,3,1
0.139368789,0.206281042,0.138534721,-0.238122677,0.223794613,0.122640381,3,0
1.129928529,0.374681203,0.799261234,-0.39839101,-1.657537345,0.365198471,9,0
-0.523586836,-0.22396677,-0.094227931,-0.002801874,-0.60316449,0.122640381,8,0
-0.033287434,0.230616325,-0.521600273,-0.170834132,1.214025128,5.421601728,6,0
1.339108184,0.759178682,0.302385432,-0.188313731,0.027126775,0.701048134,9,0
-0.626516507,-0.282695921,-0.25423377,-0.163636218,-0.039666076,-0.959541866,1,0
1.263847779,0.586884875,0.381944712,-0.268122389,-0.655644587,0.738364763,9,0
0.14047556,0.035285117,0.321609794,-0.212582849,-1.083436892,-0.455767371,8,0
-0.264602502,-0.060433665,-0.004612831,-0.010210757,0.499977749,-0.493084001,1,0
-0.36310509,-0.142524688,0.421280713,-0.187734504,-0.012100772,0.029348808,1,1
0.217949506,0.109913319,0.057792403,-0.013085844,-0.578779798,0.085323752,9,0
0.449264574,0.160855179,-0.201588596,-0.211353583,-0.945610374,0.383856786,9,1
0.618600485,0.588507228,-0.202771633,-0.053765194,0.877940467,0.122640381,3,0
-0.532441001,-0.224940181,-0.233530612,-0.181247,-1.856325591,-0.437109057,8,0
1.041386877,0.45222964,0.473630128,-0.068022498,-0.631789997,0.495806673,9,0
-2.96290937,-3.043939419,-0.724491226,-0.223144848,2.062188309,0.626414875,10,0
0.10727244,0.092716386,0.328708019,-0.169401728,-0.169541063,-0.026626136,9,0
0.102845357,0.11802508,0.116057006,-0.193305688,0.003802287,-0.493084001,9,1
-1.513039806,-0.681145629,-0.583118229,-0.240818611,-0.303656866,-0.231867596,8,0
-0.37970665,-0.161019503,-0.545261026,-0.140289294,-0.60051398,-0.716983776,8,0
-0.048782223,0.326335107,-0.565372665,-0.768351231,1.760030176,6.055984424,6,0
-0.571177974,-0.308329086,0.318060681,-0.040774359,1.896266387,-0.269184225,1,0
0.608639549,0.16150412,-0.067609585,-0.015125212,-1.697825096,-0.007967821,9,0
0.285462516,0.181621288,0.003372673,0.249260381,-0.243225239,-0.119917709,9,0
0.018730787,0.126136842,-0.132972413,-0.056085692,0.593805801,0.495806673,3,0
-1.596047605,-0.71845973,-0.17940664,-0.18767854,-0.370449717,0.738364763,8,0
0.924069187,0.595321107,0.113690931,-0.059602986,0.299069095,0.589098246,3,0
0.302064076,0.362675797,-0.210165618,-0.266755903,0.70830783,0.066665437,3,0
-0.150605124,0.048263934,-0.196560686,-0.109228047,0.832351696,1.279455886,3,0
-0.79917273,-0.358946476,-0.400338917,-0.224929356,-0.247996157,-0.847591978,8,0
-0.049888994,-0.022795093,-0.240333078,0.015138333,-0.475940012,-0.026626136,9,0
0.484681235,0.264685722,-0.159295001,-0.192528545,-0.188094633,0.980922853,3,1
0.179212533,0.08168439,-0.177927843,-0.144290692,-0.772267024,1.857863639,3,0
1.018144693,0.837051589,1.096795197,-0.047839295,0.98820168,-0.623692203,9,0
-0.106334297,0.120296374,0.250627536,-0.134767059,1.035910859,-0.866250293,1,0
-0.204836886,-0.08574236,-0.127648744,-0.188116631,-0.879877728,0.439831729,8,1
0.053040678,0.26338784,0.438434759,-0.548074012,1.200772578,-0.605033888,1,0
-0.298912392,-0.096774355,-0.313385651,-0.11132338,0.119894623,-0.306500855,1,1
1.31475923,0.448660465,1.433073642,0.014194275,-1.368101659,-0.642350517,9,0
-0.721698784,-0.31124932,0.213361851,-0.316434318,-0.658295097,-0.306500855,8,0
-1.069224771,-0.401776575,-1.511802764,-0.203361231,-1.878059773,-1.258074899,8,0
-0.958547705,-0.52183064,-0.206912265,-0.17878912,0.4602201,0.365198471,1,0
-1.332636188,-0.653565641,0.713491007,-0.160591279,-0.013160976,-0.343817484,1,0
0.838847846,0.757880801,-0.365439307,0.110820582,0.835532308,6.391834087,6,0
0.122767229,0.412968716,0.264528228,-0.07390728,1.341779707,-0.399792428,1,0
-0.240253547,-0.041289909,-0.286471545,-0.174722294,0.577372639,-0.194550967,1,0
1.581490959,0.818556774,1.008067375,0.434672546,-0.070942093,0.477148359,9,0
0.200241175,0.133275191,0.162786993,-0.339987969,-0.21937065,-0.138576023,9,0
-0.202623345,-0.062056017,0.27842892,-0.213766757,-0.092676275,-0.53040063,1,0
-0.242467089,-0.052321904,-0.136225767,-0.045454186,0.507399177,-0.791617034,1,0
-0.539081625,-0.239865822,0.057496644,-0.140265472,0.964877193,-0.138576023,1,0
0.687220266,0.334771339,0.423646789,-0.140016486,-0.267079829,-0.082601079,9,0
3.84815727,1.461332728,0.898636395,-0.159903059,-1.112062399,-0.119917709,0,1
1.074589996,0.418160243,0.421576473,-0.054406423,-0.935538437,0.346540156,9,0
-0.317727493,-0.097423296,-0.361594434,-0.192607842,0.405619595,-0.381134113,1,0
1.563782628,0.678710012,1.014278323,-0.279334753,-0.858143546,-0.175892652,9,0
0.046400054,0.073572629,-0.414535368,-0.080333272,0.092329319,-0.549058944,1,0
-0.777037317,-0.406968102,0.698703036,-0.174577569,0.579493047,-0.381134113,1,0
0.466972904,0.260143136,0.10925454,-0.247684653,-0.026943628,-0.119917709,9,0
7.566906686,3.106722362,0.624467425,-0.159303764,-1.291766973,2.697487796,0,1
0.496855712,0.520043963,0.332257132,0.609132917,0.772980273,0.775681392,3,0
-0.501451423,-0.2093656,-0.499714077,-0.332544332,1.575024582,1.727255437,3,0
0.227910442,0.242621732,-0.158407722,-0.83839396,0.420992552,0.085323752,3,0
-1.215318498,-0.583804495,-0.358341081,-0.193649798,0.062643608,0.066665437,1,0
0.10727244,0.118349551,0.809612814,-0.206382021,-0.173781879,-0.194550967,9,1
-0.833482621,-0.344994246,0.672380449,-0.207778203,-1.071774648,-1.239416585,8,0
-1.039341964,-0.458883373,-0.531064574,-0.209625855,-0.426110426,0.346540156,8,0
-0.711737848,-0.300866266,0.30830062,-0.619025229,-1.001271083,-0.605033888,8,0
-0.304446245,-0.137657631,-0.271683575,-0.108685369,-1.159241476,-0.754300405,8,0
-1.969029318,-1.725940466,0.020526718,-0.398510445,1.688466407,-0.549058944,10,0
0.183639615,0.178701054,-0.220221438,-0.385573289,0.257191038,-0.157234338,3,0
-0.400735293,-0.177243026,-0.013781373,-0.167538739,-1.293887381,-0.549058944,8,0
0.09067088,0.069030043,-0.022654155,-0.16569386,-0.241104831,0.19727364,9,0
-0.248000942,-0.132466104,-0.496164964,-0.167100974,-1.900324056,-0.77295872,8,0
0.025371411,0.075843922,0.004259951,1.42902208,0.012814021,-0.082601079,4,0
0.223483359,0.073572629,-0.188870941,-0.16578621,-1.008692511,0.010690494,9,0
-0.632050361,-0.599379076,0.092396254,-0.051076929,2.501112756,-1.314049843,1,0
-0.184915014,-0.047454847,-0.305104388,-0.024798301,-0.182793613,0.253248583,3,0
0.190280239,0.070652395,0.089734419,-0.066372598,-0.884648646,-0.97820018,8,0
0.619707255,0.521666316,0.062524554,0.496824246,0.561469579,1.671280493,3,0
0.924069187,0.402585662,0.446124504,-0.100143975,-0.655114485,0.365198471,9,0
-0.967401871,-0.444606674,0.355917885,-0.194245831,-0.3126686,0.029348808,8,0
0.950631683,0.542432424,-0.229685739,0.385551168,-0.092146173,0.477148359,9,0
0.606426007,0.435681647,0.437547481,-0.086216423,0.228035429,-0.231867596,9,0
0.200241175,0.133924132,0.162491233,-0.178829095,-0.228382384,-0.623692203,9,0
0.97940772,0.800710899,0.230220137,-0.163464571,0.52701295,0.141298696,3,1
0.455905198,0.464559517,0.03945532,-0.292320368,0.61766039,0.794339707,3,0
0.615280173,0.27798901,0.065186389,-0.091526547,-0.60051398,0.589098246,9,0
0.35961615,0.170264822,0.360058516,-0.017299679,-0.566587453,-0.549058944,9,0
0.334160425,0.292914651,0.152731173,-0.126310836,0.370102762,-0.73564209,1,0
0.049720366,-0.016630155,-0.404775308,-0.117938315,-1.444966448,1.111531055,9,0
-0.554576415,-0.329419665,-0.381706074,-0.066494318,2.278469921,-0.959541866,1,0
2.696009013,2.510345681,-0.167280505,-0.097884174,0.107172175,-0.884908607,0,1
0.112806293,0.200116103,-0.224953589,-0.054655735,0.666959875,0.141298696,3,0
-0.008938479,0.097907913,-0.112269255,-0.189327297,0.441136428,-0.847591978,1,0
-0.275670208,0.033013823,-0.449434978,-0.243509487,1.479076122,0.122640381,1,0
-0.418443623,-0.138955513,0.170476737,-0.10042543,1.166846051,0.570439932,3,0
-0.018899415,0.199142692,-0.027090546,-0.20052155,1.07619861,0.533123302,3,0
0.22459013,0.319521228,-0.249797379,-0.178998294,0.640454776,1.33543083,3,0
0.151543266,0.259494195,0.442279631,-0.373761792,0.824930268,-0.437109057,1,0
-0.031073893,0.10342391,-0.015851689,-0.173141902,0.582143557,-0.213209282,1,0
0.032012035,0.228020562,0.230811656,0.696721163,0.965407295,-0.586375574,1,0
-0.342076448,0.243595143,0.828541416,1.338802512,2.326709202,-1.071491753,1,0
0.488001547,0.199791633,0.331665613,-0.12835102,-0.7659058,-0.101259394,9,0
0.632988503,0.276366658,0.932944486,-0.044588445,-0.657234893,-0.511742315,9,0
-0.383026962,-0.152583272,0.151548135,-0.24152331,-0.169541063,-0.493084001,8,1
1.793990925,0.894482858,-0.033005734,1.874714833,-0.479120624,-1.146125012,4,0
-0.321047805,-0.124029873,0.221051596,-0.123578679,-0.282452787,-1.108808383,8,0
-0.976256036,-0.458234432,-0.676873961,-0.179552068,-0.018992098,0.570439932,3,0
0.434876555,0.308489232,0.223417671,-0.523010782,0.028186979,-0.511742315,9,0
